dataset,resample,k,g,accuracy,transform_time_sec,fit_time_sec,predict_time_sec,cv_mode,status,error
ACSF1,0,4,32,0.87,0.8277,0.4478,0.0009,loo,ok,
ACSF1,0,4,64,0.89,1.4352,0.4939,0.0472,loo,ok,
ACSF1,0,4,128,0.9,2.73,0.4799,0.0623,loo,ok,
ACSF1,0,8,32,0.89,1.2861,0.2499,0.0441,loo,ok,
ACSF1,0,8,64,0.87,2.4373,0.4682,0.0733,loo,ok,
ACSF1,0,8,128,0.88,4.9502,0.5312,0.0128,loo,ok,
ACSF1,0,16,32,0.86,2.3059,0.4859,0.0563,loo,ok,
ACSF1,0,16,64,0.88,4.6343,0.5126,0.0326,loo,ok,
ACSF1,0,16,128,0.88,8.1614,0.4881,0.0606,loo,ok,
ACSF1,1,4,32,0.74,0.9204,0.458,0.0832,loo,ok,
ACSF1,1,4,64,0.79,1.3726,0.5081,0.0324,loo,ok,
ACSF1,1,4,128,0.79,2.5729,0.452,0.069,loo,ok,
ACSF1,1,8,32,0.8,1.2654,0.4882,0.0524,loo,ok,
ACSF1,1,8,64,0.78,2.4312,0.5008,0.0405,loo,ok,
ACSF1,1,8,128,0.82,4.887,0.4794,0.0661,loo,ok,
ACSF1,1,16,32,0.79,2.331,0.2863,0.0026,loo,ok,
ACSF1,1,16,64,0.81,4.7273,0.406,0.0506,loo,ok,
ACSF1,1,16,128,0.8,7.9487,0.5142,0.0436,loo,ok,
ACSF1,2,4,32,0.84,0.9302,0.4387,0.0761,loo,ok,
ACSF1,2,4,64,0.85,1.3609,0.4603,0.08,loo,ok,
ACSF1,2,4,128,0.84,2.6028,0.4493,0.0319,loo,ok,
ACSF1,2,8,32,0.86,1.2831,0.4868,0.0537,loo,ok,
ACSF1,2,8,64,0.83,2.5303,0.4864,0.0559,loo,ok,
ACSF1,2,8,128,0.84,4.8561,0.4675,0.0784,loo,ok,
ACSF1,2,16,32,0.82,2.3202,0.5407,0.0014,loo,ok,
ACSF1,2,16,64,0.85,4.5667,0.3243,0.1672,loo,ok,
ACSF1,2,16,128,0.82,7.7776,0.4301,0.0863,loo,ok,
Adiac,0,4,32,0.772379,0.5475,0.5561,0.0021,loo,ok,
Adiac,0,4,64,0.808184,0.8812,0.5688,0.0019,loo,ok,
Adiac,0,4,128,0.823529,1.3268,0.5885,0.0052,loo,ok,
Adiac,0,8,32,0.797954,0.8383,0.5724,0.0225,loo,ok,
Adiac,0,8,64,0.823529,1.2964,0.5629,0.0045,loo,ok,
Adiac,0,8,128,0.831202,2.0377,0.5721,0.0066,loo,ok,
Adiac,0,16,32,0.808184,1.2492,0.5675,0.0055,loo,ok,
Adiac,0,16,64,0.828645,2.0066,0.5778,0.0061,loo,ok,
Adiac,0,16,128,0.823529,3.4914,0.6078,0.0146,loo,ok,
Adiac,1,4,32,0.795396,0.6278,0.5573,0.0015,loo,ok,
Adiac,1,4,64,0.815857,0.8653,0.5612,0.0029,loo,ok,
Adiac,1,4,128,0.815857,1.3247,0.5637,0.0046,loo,ok,
Adiac,1,8,32,0.813299,0.8271,0.5608,0.0019,loo,ok,
Adiac,1,8,64,0.841432,1.2921,0.5669,0.0034,loo,ok,
Adiac,1,8,128,0.83376,2.075,0.5744,0.0094,loo,ok,
Adiac,1,16,32,0.818414,1.2793,0.5716,0.0062,loo,ok,
Adiac,1,16,64,0.838875,2.018,0.5753,0.0077,loo,ok,
Adiac,1,16,128,0.826087,3.452,0.6028,0.0604,loo,ok,
Adiac,2,4,32,0.808184,0.6213,0.5559,0.0013,loo,ok,
Adiac,2,4,64,0.823529,0.8561,0.5601,0.0024,loo,ok,
Adiac,2,4,128,0.83376,1.3385,0.5801,0.007,loo,ok,
Adiac,2,8,32,0.826087,0.835,0.5558,0.0049,loo,ok,
Adiac,2,8,64,0.826087,1.3068,0.5658,0.0047,loo,ok,
Adiac,2,8,128,0.838875,2.049,0.5748,0.0074,loo,ok,
Adiac,2,16,32,0.849105,1.2514,0.5859,0.0081,loo,ok,
Adiac,2,16,64,0.836317,2.0144,0.5835,0.0064,loo,ok,
Adiac,2,16,128,0.849105,3.4811,0.6051,0.0149,loo,ok,
ArrowHead,0,4,32,0.834286,0.1685,0.0013,0.019,loo,ok,
ArrowHead,0,4,64,0.811429,0.4107,0.0112,0.0044,loo,ok,
ArrowHead,0,4,128,0.822857,0.6591,0.0315,0.0051,loo,ok,
ArrowHead,0,8,32,0.828571,0.4222,0.0228,0.0088,loo,ok,
ArrowHead,0,8,64,0.822857,0.5835,0.0144,0.0056,loo,ok,
ArrowHead,0,8,128,0.822857,0.9631,0.0162,0.0147,loo,ok,
ArrowHead,0,16,32,0.817143,0.6,0.0472,0.007,loo,ok,
ArrowHead,0,16,64,0.828571,0.8988,0.017,0.0057,loo,ok,
ArrowHead,0,16,128,0.822857,1.422,0.0195,0.0108,loo,ok,
ArrowHead,1,4,32,0.754286,0.3404,0.0012,0.0115,loo,ok,
ArrowHead,1,4,64,0.754286,0.4265,0.0388,0.0076,loo,ok,
ArrowHead,1,4,128,0.737143,0.6269,0.0309,0.0083,loo,ok,
ArrowHead,1,8,32,0.737143,0.4128,0.0383,0.0034,loo,ok,
ArrowHead,1,8,64,0.731429,0.5964,0.0214,0.0103,loo,ok,
ArrowHead,1,8,128,0.731429,0.9143,0.0119,0.006,loo,ok,
ArrowHead,1,16,32,0.754286,0.5758,0.0273,0.0046,loo,ok,
ArrowHead,1,16,64,0.754286,0.9032,0.0119,0.0455,loo,ok,
ArrowHead,1,16,128,0.748571,1.4202,0.0171,0.0122,loo,ok,
ArrowHead,2,4,32,0.817143,0.3391,0.0013,0.0163,loo,ok,
ArrowHead,2,4,64,0.84,0.4329,0.0414,0.0055,loo,ok,
ArrowHead,2,4,128,0.822857,0.6168,0.0043,0.0132,loo,ok,
ArrowHead,2,8,32,0.834286,0.4111,0.0211,0.0026,loo,ok,
ArrowHead,2,8,64,0.822857,0.6107,0.0216,0.0077,loo,ok,
ArrowHead,2,8,128,0.828571,0.9565,0.0143,0.0036,loo,ok,
ArrowHead,2,16,32,0.84,0.6209,0.0223,0.0037,loo,ok,
ArrowHead,2,16,64,0.828571,0.921,0.0157,0.0209,loo,ok,
ArrowHead,2,16,128,0.822857,1.4183,0.0158,0.006,loo,ok,
BME,0,4,32,1.0,0.0932,0.0012,0.0128,loo,ok,
BME,0,4,64,1.0,0.2796,0.0013,0.0498,loo,ok,
BME,0,4,128,1.0,0.3349,0.0935,0.02,loo,ok,
BME,0,8,32,1.0,0.2513,0.0014,0.0311,loo,ok,
BME,0,8,64,1.0,0.34,0.082,0.0144,loo,ok,
BME,0,8,128,1.0,0.4773,0.0126,0.0101,loo,ok,
BME,0,16,32,1.0,0.3726,0.0218,0.0095,loo,ok,
BME,0,16,64,1.0,0.5109,0.0158,0.0234,loo,ok,
BME,0,16,128,1.0,0.7063,0.0122,0.0057,loo,ok,
BME,1,4,32,1.0,0.2002,0.0181,0.0039,loo,ok,
BME,1,4,64,1.0,0.2665,0.0012,0.0187,loo,ok,
BME,1,4,128,1.0,0.3565,0.0887,0.0031,loo,ok,
BME,1,8,32,1.0,0.2667,0.0012,0.0159,loo,ok,
BME,1,8,64,1.0,0.3581,0.0265,0.0049,loo,ok,
BME,1,8,128,1.0,0.4965,0.043,0.0053,loo,ok,
BME,1,16,32,1.0,0.3772,0.0273,0.0953,loo,ok,
BME,1,16,64,1.0,0.4307,0.1005,0.0044,loo,ok,
BME,1,16,128,1.0,0.735,0.0128,0.0108,loo,ok,
BME,2,4,32,1.0,0.2766,0.0011,0.0108,loo,ok,
BME,2,4,64,1.0,0.3218,0.0016,0.0558,loo,ok,
BME,2,4,128,1.0,0.3479,0.0979,0.0061,loo,ok,
BME,2,8,32,1.0,0.2426,0.004,0.0134,loo,ok,
BME,2,8,64,1.0,0.3482,0.006,0.0067,loo,ok,
BME,2,8,128,1.0,0.5152,0.096,0.0052,loo,ok,
BME,2,16,32,1.0,0.3305,0.0065,0.0104,loo,ok,
BME,2,16,64,1.0,0.5143,0.0222,0.0097,loo,ok,
BME,2,16,128,1.0,0.7137,0.0075,0.0081,loo,ok,
Beef,0,4,32,0.833333,0.1131,0.0013,0.0002,loo,ok,
Beef,0,4,64,0.8,0.2466,0.0118,0.0003,loo,ok,
Beef,0,4,128,0.833333,0.4482,0.0227,0.0094,loo,ok,
Beef,0,8,32,0.833333,0.3089,0.0217,0.0006,loo,ok,
Beef,0,8,64,0.833333,0.4331,0.0251,0.0019,loo,ok,
Beef,0,8,128,0.833333,0.5815,0.0308,0.0062,loo,ok,
Beef,0,16,32,0.866667,0.4165,0.0277,0.0149,loo,ok,
Beef,0,16,64,0.833333,0.5599,0.0222,0.0058,loo,ok,
Beef,0,16,128,0.833333,0.9791,0.0169,0.0105,loo,ok,
Beef,1,4,32,0.8,0.2805,0.0013,0.0002,loo,ok,
Beef,1,4,64,0.733333,0.2437,0.0279,0.0052,loo,ok,
Beef,1,4,128,0.766667,0.4469,0.0221,0.0007,loo,ok,
Beef,1,8,32,0.766667,0.3401,0.0167,0.0094,loo,ok,
Beef,1,8,64,0.733333,0.4141,0.0318,0.0012,loo,ok,
Beef,1,8,128,0.766667,0.5664,0.0179,0.0088,loo,ok,
Beef,1,16,32,0.766667,0.3514,0.0856,0.0183,loo,ok,
Beef,1,16,64,0.766667,0.539,0.0959,0.0171,loo,ok,
Beef,1,16,128,0.766667,0.9521,0.0134,0.0047,loo,ok,
Beef,2,4,32,0.833333,0.3032,0.0012,0.0002,loo,ok,
Beef,2,4,64,0.766667,0.2699,0.0314,0.0106,loo,ok,
Beef,2,4,128,0.8,0.436,0.012,0.0116,loo,ok,
Beef,2,8,32,0.733333,0.3102,0.0234,0.0109,loo,ok,
Beef,2,8,64,0.7,0.4244,0.032,0.0104,loo,ok,
Beef,2,8,128,0.8,0.5681,0.033,0.0129,loo,ok,
Beef,2,16,32,0.766667,0.3999,0.023,0.0126,loo,ok,
Beef,2,16,64,0.733333,0.5549,0.0127,0.0093,loo,ok,
Beef,2,16,128,0.766667,0.9837,0.0134,0.0057,loo,ok,
BeetleFly,0,4,32,0.85,0.0817,0.011,0.0102,loo,ok,
BeetleFly,0,4,64,0.95,0.2701,0.0393,0.002,loo,ok,
BeetleFly,0,4,128,0.9,0.3504,0.0126,0.0088,loo,ok,
BeetleFly,0,8,32,0.95,0.2882,0.0316,0.0061,loo,ok,
BeetleFly,0,8,64,0.9,0.341,0.0091,0.0731,loo,ok,
BeetleFly,0,8,128,0.95,0.4267,0.0395,0.0103,loo,ok,
BeetleFly,0,16,32,0.95,0.3407,0.0139,0.0077,loo,ok,
BeetleFly,0,16,64,0.95,0.4811,0.0137,0.0081,loo,ok,
BeetleFly,0,16,128,0.95,0.75,0.012,0.0103,loo,ok,
BeetleFly,1,4,32,1.0,0.2015,0.0066,0.0076,loo,ok,
BeetleFly,1,4,64,0.95,0.286,0.0402,0.0027,loo,ok,
BeetleFly,1,4,128,1.0,0.3513,0.0114,0.0081,loo,ok,
BeetleFly,1,8,32,1.0,0.2733,0.0109,0.0002,loo,ok,
BeetleFly,1,8,64,1.0,0.3811,0.0088,0.005,loo,ok,
BeetleFly,1,8,128,0.95,0.4836,0.0114,0.0101,loo,ok,
BeetleFly,1,16,32,1.0,0.3547,0.0115,0.0051,loo,ok,
BeetleFly,1,16,64,1.0,0.473,0.0115,0.0106,loo,ok,
BeetleFly,1,16,128,1.0,0.7431,0.0122,0.0015,loo,ok,
BeetleFly,2,4,32,0.95,0.2367,0.0283,0.0062,loo,ok,
BeetleFly,2,4,64,0.95,0.2845,0.0013,0.0053,loo,ok,
BeetleFly,2,4,128,0.95,0.3646,0.0825,0.0044,loo,ok,
BeetleFly,2,8,32,0.95,0.2858,0.021,0.0102,loo,ok,
BeetleFly,2,8,64,0.95,0.3664,0.0112,0.0005,loo,ok,
BeetleFly,2,8,128,0.95,0.4923,0.0115,0.0102,loo,ok,
BeetleFly,2,16,32,0.95,0.3714,0.004,0.0002,loo,ok,
BeetleFly,2,16,64,0.95,0.4894,0.0116,0.0063,loo,ok,
BeetleFly,2,16,128,0.95,0.7314,0.007,0.0055,loo,ok,
BirdChicken,0,4,32,0.9,0.0912,0.0109,0.0005,loo,ok,
BirdChicken,0,4,64,0.9,0.2805,0.0088,0.0133,loo,ok,
BirdChicken,0,4,128,0.9,0.365,0.0217,0.0011,loo,ok,
BirdChicken,0,8,32,0.9,0.2975,0.0324,0.0011,loo,ok,
BirdChicken,0,8,64,0.9,0.3404,0.0771,0.0067,loo,ok,
BirdChicken,0,8,128,0.9,0.453,0.0184,0.0033,loo,ok,
BirdChicken,0,16,32,0.9,0.3643,0.0139,0.0079,loo,ok,
BirdChicken,0,16,64,0.9,0.4749,0.018,0.004,loo,ok,
BirdChicken,0,16,128,0.9,0.7404,0.0121,0.0107,loo,ok,
BirdChicken,1,4,32,0.95,0.2145,0.0157,0.0044,loo,ok,
BirdChicken,1,4,64,0.95,0.275,0.0322,0.0007,loo,ok,
BirdChicken,1,4,128,0.9,0.3506,0.0201,0.0016,loo,ok,
BirdChicken,1,8,32,0.95,0.2613,0.0088,0.0115,loo,ok,
BirdChicken,1,8,64,0.95,0.3498,0.0224,0.0023,loo,ok,
BirdChicken,1,8,128,0.95,0.516,0.0117,0.0087,loo,ok,
BirdChicken,1,16,32,0.95,0.3498,0.0092,0.004,loo,ok,
BirdChicken,1,16,64,0.95,0.4756,0.0118,0.0099,loo,ok,
BirdChicken,1,16,128,0.95,0.7501,0.0051,0.0071,loo,ok,
BirdChicken,2,4,32,0.85,0.2399,0.0136,0.0002,loo,ok,
BirdChicken,2,4,64,0.9,0.2843,0.0062,0.0217,loo,ok,
BirdChicken,2,4,128,0.9,0.3553,0.0095,0.0861,loo,ok,
BirdChicken,2,8,32,0.9,0.2295,0.0061,0.0005,loo,ok,
BirdChicken,2,8,64,0.9,0.3709,0.0112,0.0101,loo,ok,
BirdChicken,2,8,128,0.9,0.4898,0.0137,0.0006,loo,ok,
BirdChicken,2,16,32,0.9,0.3517,0.0115,0.0089,loo,ok,
BirdChicken,2,16,64,0.9,0.46,0.0115,0.0102,loo,ok,
BirdChicken,2,16,128,0.9,0.7143,0.0053,0.0072,loo,ok,
CBF,0,4,32,0.992222,0.5048,0.0012,0.0193,loo,ok,
CBF,0,4,64,0.99,0.8742,0.0013,0.0205,loo,ok,
CBF,0,4,128,0.991111,1.2558,0.0795,0.0081,loo,ok,
CBF,0,8,32,0.993333,0.797,0.0013,0.0244,loo,ok,
CBF,0,8,64,0.992222,1.2115,0.0212,0.002,loo,ok,
CBF,0,8,128,0.992222,1.8705,0.0201,0.0246,loo,ok,
CBF,0,16,32,0.994444,1.1582,0.0218,0.0091,loo,ok,
CBF,0,16,64,0.992222,1.7817,0.1213,0.015,loo,ok,
CBF,0,16,128,0.99,3.0153,0.0186,0.0182,loo,ok,
CBF,1,4,32,1.0,0.6277,0.0012,0.0102,loo,ok,
CBF,1,4,64,0.998889,0.8718,0.0013,0.0192,loo,ok,
CBF,1,4,128,0.998889,1.2533,0.0189,0.0107,loo,ok,
CBF,1,8,32,0.998889,0.8022,0.0012,0.0134,loo,ok,
CBF,1,8,64,0.998889,1.2114,0.0218,0.0197,loo,ok,
CBF,1,8,128,0.998889,1.8481,0.0219,0.0131,loo,ok,
CBF,1,16,32,0.997778,1.155,0.0317,0.0122,loo,ok,
CBF,1,16,64,0.997778,1.777,0.02,0.0134,loo,ok,
CBF,1,16,128,0.998889,3.0399,0.0227,0.022,loo,ok,
CBF,2,4,32,0.982222,0.6122,0.0012,0.0193,loo,ok,
CBF,2,4,64,0.987778,0.8478,0.0013,0.0192,loo,ok,
CBF,2,4,128,0.984444,1.3482,0.0216,0.011,loo,ok,
CBF,2,8,32,0.985556,0.8184,0.0012,0.011,loo,ok,
CBF,2,8,64,0.986667,1.2053,0.0201,0.0126,loo,ok,
CBF,2,8,128,0.986667,1.8269,0.0173,0.0722,loo,ok,
CBF,2,16,32,0.984444,1.1203,0.0201,0.0116,loo,ok,
CBF,2,16,64,0.985556,1.7705,0.0118,0.0115,loo,ok,
CBF,2,16,128,0.986667,3.0777,0.0123,0.0152,loo,ok,
Car,0,4,32,0.916667,0.228,0.0528,0.0204,loo,ok,
Car,0,4,64,0.95,0.5138,0.0433,0.0212,loo,ok,
Car,0,4,128,0.966667,0.7189,0.0449,0.0286,loo,ok,
Car,0,8,32,0.933333,0.4915,0.116,0.0266,loo,ok,
Car,0,8,64,0.9,0.663,0.049,0.0309,loo,ok,
Car,0,8,128,0.933333,1.2119,0.0157,0.0203,loo,ok,
Car,0,16,32,0.933333,0.674,0.0304,0.02,loo,ok,
Car,0,16,64,0.916667,1.1721,0.0208,0.0171,loo,ok,
Car,0,16,128,0.916667,2.1353,0.0464,0.0208,loo,ok,
Car,1,4,32,0.966667,0.3942,0.0625,0.0506,loo,ok,
Car,1,4,64,0.95,0.4818,0.045,0.0691,loo,ok,
Car,1,4,128,0.916667,0.6784,0.0324,0.0125,loo,ok,
Car,1,8,32,0.933333,0.5118,0.0517,0.0171,loo,ok,
Car,1,8,64,0.95,0.6862,0.0392,0.0761,loo,ok,
Car,1,8,128,0.933333,1.1839,0.0339,0.0397,loo,ok,
Car,1,16,32,0.933333,0.6739,0.0283,0.0204,loo,ok,
Car,1,16,64,0.933333,1.1821,0.016,0.0025,loo,ok,
Car,1,16,128,0.95,2.1871,0.0367,0.0428,loo,ok,
Car,2,4,32,0.933333,0.3717,0.0323,0.0737,loo,ok,
Car,2,4,64,0.933333,0.4795,0.0309,0.019,loo,ok,
Car,2,4,128,0.933333,0.715,0.049,0.039,loo,ok,
Car,2,8,32,0.95,0.4714,0.0942,0.0116,loo,ok,
Car,2,8,64,0.933333,0.6584,0.053,0.0207,loo,ok,
Car,2,8,128,0.933333,1.2175,0.0136,0.0105,loo,ok,
Car,2,16,32,0.933333,0.6992,0.0378,0.0159,loo,ok,
Car,2,16,64,0.933333,1.1652,0.0238,0.0115,loo,ok,
Car,2,16,128,0.95,2.1607,0.0268,0.021,loo,ok,
Chinatown,0,4,32,0.976676,0.049,0.0109,0.0106,loo,ok,
Chinatown,0,4,64,0.976676,0.1742,0.013,0.0109,loo,ok,
Chinatown,0,4,128,0.979592,0.1671,0.0983,0.0102,loo,ok,
Chinatown,0,8,32,0.976676,0.1095,0.0067,0.0101,loo,ok,
Chinatown,0,8,64,0.979592,0.1455,0.0201,0.0068,loo,ok,
Chinatown,0,8,128,0.979592,0.2509,0.0187,0.0152,loo,ok,
Chinatown,0,16,32,0.982507,0.1726,0.004,0.0102,loo,ok,
Chinatown,0,16,64,0.982507,0.2745,0.0288,0.0093,loo,ok,
Chinatown,0,16,128,0.982507,0.3786,0.0277,0.0046,loo,ok,
Chinatown,1,4,32,0.956268,0.2374,0.0193,0.0068,loo,ok,
Chinatown,1,4,64,0.956268,0.1082,0.0057,0.0076,loo,ok,
Chinatown,1,4,128,0.959184,0.1783,0.0202,0.0011,loo,ok,
Chinatown,1,8,32,0.959184,0.0996,0.0154,0.0098,loo,ok,
Chinatown,1,8,64,0.959184,0.1763,0.0191,0.0026,loo,ok,
Chinatown,1,8,128,0.956268,0.2443,0.0148,0.0059,loo,ok,
Chinatown,1,16,32,0.956268,0.1426,0.0088,0.0116,loo,ok,
Chinatown,1,16,64,0.959184,0.2337,0.0315,0.0056,loo,ok,
Chinatown,1,16,128,0.956268,0.3557,0.0058,0.0132,loo,ok,
Chinatown,2,4,32,0.959184,0.1679,0.023,0.0061,loo,ok,
Chinatown,2,4,64,0.962099,0.109,0.0147,0.0044,loo,ok,
Chinatown,2,4,128,0.959184,0.1983,0.0352,0.0074,loo,ok,
Chinatown,2,8,32,0.953353,0.1035,0.0266,0.0074,loo,ok,
Chinatown,2,8,64,0.959184,0.2532,0.0147,0.006,loo,ok,
Chinatown,2,8,128,0.959184,0.2923,0.0116,0.0245,loo,ok,
Chinatown,2,16,32,0.959184,0.1699,0.0129,0.0068,loo,ok,
Chinatown,2,16,64,0.965015,0.2541,0.0164,0.0171,loo,ok,
Chinatown,2,16,128,0.959184,0.3401,0.006,0.0163,loo,ok,
ChlorineConcentration,0,4,32,0.676302,3.1809,0.5891,0.0096,loo,ok,
ChlorineConcentration,0,4,64,0.699479,4.6968,0.592,0.0077,loo,ok,
ChlorineConcentration,0,4,128,0.757031,7.2269,0.5691,0.028,loo,ok,
ChlorineConcentration,0,8,32,0.728906,4.5017,0.3892,0.0249,loo,ok,
ChlorineConcentration,0,8,64,0.751302,6.9337,0.5752,0.0218,loo,ok,
ChlorineConcentration,0,8,128,0.779948,10.9752,0.5835,0.0519,loo,ok,
ChlorineConcentration,0,16,32,0.764583,6.6041,0.5778,0.0154,loo,ok,
ChlorineConcentration,0,16,64,0.773177,10.6667,0.5885,0.0554,loo,ok,
ChlorineConcentration,0,16,128,0.775521,19.1315,0.6272,0.2865,loo,ok,
ChlorineConcentration,1,4,32,0.679167,3.288,0.5649,0.0101,loo,ok,
ChlorineConcentration,1,4,64,0.711979,4.7427,0.575,0.0194,loo,ok,
ChlorineConcentration,1,4,128,0.729948,7.5549,0.6037,0.0246,loo,ok,
ChlorineConcentration,1,8,32,0.722656,4.5965,0.5657,0.015,loo,ok,
ChlorineConcentration,1,8,64,0.752083,7.1372,0.5756,0.0222,loo,ok,
ChlorineConcentration,1,8,128,0.765625,11.1628,0.5641,0.0522,loo,ok,
ChlorineConcentration,1,16,32,0.747656,6.7085,0.5819,0.0115,loo,ok,
ChlorineConcentration,1,16,64,0.765104,11.2139,0.6807,0.0496,loo,ok,
ChlorineConcentration,1,16,128,0.777083,19.2066,0.6292,0.14,loo,ok,
ChlorineConcentration,2,4,32,0.666667,3.3044,0.5594,0.0054,loo,ok,
ChlorineConcentration,2,4,64,0.72526,4.6934,0.5675,0.0135,loo,ok,
ChlorineConcentration,2,4,128,0.749219,7.6311,0.5713,0.022,loo,ok,
ChlorineConcentration,2,8,32,0.739844,4.5597,0.5617,0.0116,loo,ok,
ChlorineConcentration,2,8,64,0.758854,6.9949,0.5807,0.0179,loo,ok,
ChlorineConcentration,2,8,128,0.778125,11.4411,0.588,0.0395,loo,ok,
ChlorineConcentration,2,16,32,0.78151,6.6678,0.5775,0.0169,loo,ok,
ChlorineConcentration,2,16,64,0.786458,10.6472,0.588,0.0452,loo,ok,
ChlorineConcentration,2,16,128,0.789844,19.0117,0.6158,0.1526,loo,ok,
CinCECGTorso,0,4,32,0.993478,7.6013,0.0162,0.023,loo,ok,
CinCECGTorso,0,4,64,0.994928,12.7345,0.065,0.0288,loo,ok,
CinCECGTorso,0,4,128,0.993478,21.9602,0.0301,0.0639,loo,ok,
CinCECGTorso,0,8,32,0.997101,11.857,0.0167,0.029,loo,ok,
CinCECGTorso,0,8,64,0.995652,20.5832,0.0195,0.0438,loo,ok,
CinCECGTorso,0,8,128,0.995652,36.1237,0.0301,0.0288,loo,ok,
CinCECGTorso,0,16,32,0.997826,19.7821,0.0425,0.0485,loo,ok,
CinCECGTorso,0,16,64,0.997101,33.6535,0.0201,0.0457,loo,ok,
CinCECGTorso,0,16,128,0.997826,66.3864,0.1348,0.2715,loo,ok,
CinCECGTorso,1,4,32,0.991304,7.8547,0.03,0.0136,loo,ok,
CinCECGTorso,1,4,64,0.992029,12.8707,0.0161,0.0213,loo,ok,
CinCECGTorso,1,4,128,0.992029,22.1209,0.0176,0.0273,loo,ok,
CinCECGTorso,1,8,32,0.994928,11.7587,0.0113,0.0155,loo,ok,
CinCECGTorso,1,8,64,0.992754,20.1217,0.0293,0.0437,loo,ok,
CinCECGTorso,1,8,128,0.992754,35.3923,0.0295,0.0944,loo,ok,
CinCECGTorso,1,16,32,0.993478,19.2356,0.03,0.0459,loo,ok,
CinCECGTorso,1,16,64,0.994203,33.8061,0.0287,0.0253,loo,ok,
CinCECGTorso,1,16,128,0.993478,64.3011,0.0487,0.0945,loo,ok,
CinCECGTorso,2,4,32,0.998551,7.671,0.0603,0.0324,loo,ok,
CinCECGTorso,2,4,64,0.999275,12.6617,0.0307,0.0143,loo,ok,
CinCECGTorso,2,4,128,1.0,22.0124,0.0262,0.052,loo,ok,
CinCECGTorso,2,8,32,0.999275,11.7078,0.0124,0.026,loo,ok,
CinCECGTorso,2,8,64,0.999275,20.1201,0.0122,0.0316,loo,ok,
CinCECGTorso,2,8,128,0.999275,37.335,0.0287,0.0405,loo,ok,
CinCECGTorso,2,16,32,0.999275,21.0483,0.034,0.0345,loo,ok,
CinCECGTorso,2,16,64,0.999275,36.8953,0.0477,0.0423,loo,ok,
CinCECGTorso,2,16,128,0.999275,68.3391,0.0351,0.1799,loo,ok,
Coffee,0,4,32,1.0,0.0706,0.0165,0.0184,loo,ok,
Coffee,0,4,64,1.0,0.2569,0.0214,0.0184,loo,ok,
Coffee,0,4,128,1.0,0.3197,0.0155,0.0041,loo,ok,
Coffee,0,8,32,1.0,0.2792,0.0453,0.0068,loo,ok,
Coffee,0,8,64,1.0,0.3066,0.0214,0.0116,loo,ok,
Coffee,0,8,128,1.0,0.4309,0.0226,0.001,loo,ok,
Coffee,0,16,32,1.0,0.3209,0.0201,0.0063,loo,ok,
Coffee,0,16,64,1.0,0.4317,0.0201,0.0031,loo,ok,
Coffee,0,16,128,1.0,0.6935,0.0066,0.0126,loo,ok,
Coffee,1,4,32,1.0,0.2532,0.0218,0.0095,loo,ok,
Coffee,1,4,64,1.0,0.2706,0.019,0.0027,loo,ok,
Coffee,1,4,128,1.0,0.3414,0.0655,0.0537,loo,ok,
Coffee,1,8,32,1.0,0.2413,0.0157,0.0158,loo,ok,
Coffee,1,8,64,1.0,0.3125,0.0214,0.0421,loo,ok,
Coffee,1,8,128,1.0,0.4,0.0219,0.007,loo,ok,
Coffee,1,16,32,1.0,0.3249,0.0213,0.0082,loo,ok,
Coffee,1,16,64,1.0,0.5536,0.005,0.0069,loo,ok,
Coffee,1,16,128,1.0,0.6491,0.0055,0.0124,loo,ok,
Coffee,2,4,32,1.0,0.2339,0.0222,0.0153,loo,ok,
Coffee,2,4,64,1.0,0.2267,0.025,0.0171,loo,ok,
Coffee,2,4,128,1.0,0.3133,0.0201,0.0019,loo,ok,
Coffee,2,8,32,1.0,0.2614,0.0141,0.0204,loo,ok,
Coffee,2,8,64,1.0,0.3015,0.0201,0.0018,loo,ok,
Coffee,2,8,128,1.0,0.4339,0.0201,0.0025,loo,ok,
Coffee,2,16,32,1.0,0.3564,0.1647,0.0099,loo,ok,
Coffee,2,16,64,1.0,0.369,0.1446,0.006,loo,ok,
Coffee,2,16,128,1.0,0.6011,0.0056,0.0076,loo,ok,
Computers,0,4,32,0.736,0.8463,0.5608,0.0033,loo,ok,
Computers,0,4,64,0.692,1.7776,0.5697,0.0019,loo,ok,
Computers,0,4,128,0.708,3.2502,0.5789,0.0033,loo,ok,
Computers,0,8,32,0.708,1.6591,0.5481,0.0006,loo,ok,
Computers,0,8,64,0.732,2.9693,0.5533,0.0019,loo,ok,
Computers,0,8,128,0.724,5.301,0.5583,0.0046,loo,ok,
Computers,0,16,32,0.712,2.8492,0.5494,0.0015,loo,ok,
Computers,0,16,64,0.736,4.8863,0.5575,0.0049,loo,ok,
Computers,0,16,128,0.728,9.1748,0.6404,0.004,loo,ok,
Computers,1,4,32,0.78,1.0189,0.5462,0.0012,loo,ok,
Computers,1,4,64,0.816,1.751,0.5452,0.0015,loo,ok,
Computers,1,4,128,0.804,3.1845,0.5506,0.0024,loo,ok,
Computers,1,8,32,0.836,1.7052,0.5491,0.0021,loo,ok,
Computers,1,8,64,0.844,2.9013,0.5508,0.0029,loo,ok,
Computers,1,8,128,0.856,5.0464,0.5631,0.0019,loo,ok,
Computers,1,16,32,0.876,2.7783,0.5458,0.0018,loo,ok,
Computers,1,16,64,0.86,4.7102,0.5579,0.0038,loo,ok,
Computers,1,16,128,0.872,8.9791,0.569,0.0029,loo,ok,
Computers,2,4,32,0.78,1.0298,0.4621,0.0057,loo,ok,
Computers,2,4,64,0.804,1.8276,0.5466,0.0011,loo,ok,
Computers,2,4,128,0.828,3.2425,0.5524,0.0035,loo,ok,
Computers,2,8,32,0.824,1.6848,0.5505,0.0012,loo,ok,
Computers,2,8,64,0.816,2.9943,0.5518,0.0018,loo,ok,
Computers,2,8,128,0.82,5.1317,0.5566,0.0045,loo,ok,
Computers,2,16,32,0.864,2.7694,0.5515,0.0031,loo,ok,
Computers,2,16,64,0.856,4.8923,0.557,0.0064,loo,ok,
Computers,2,16,128,0.844,9.348,0.5727,0.0044,loo,ok,
CricketX,0,4,32,0.779487,0.8913,0.5665,0.0012,loo,ok,
CricketX,0,4,64,0.787179,1.4219,0.5969,0.0013,loo,ok,
CricketX,0,4,128,0.776923,2.4508,0.5721,0.0023,loo,ok,
CricketX,0,8,32,0.774359,1.3836,0.5586,0.0047,loo,ok,
CricketX,0,8,64,0.784615,2.2565,0.5626,0.0035,loo,ok,
CricketX,0,8,128,0.802564,4.0212,0.4672,0.1176,loo,ok,
CricketX,0,16,32,0.776923,2.1956,0.5712,0.0034,loo,ok,
CricketX,0,16,64,0.805128,3.7369,0.5779,0.0056,loo,ok,
CricketX,0,16,128,0.792308,6.8171,0.6059,0.0117,loo,ok,
CricketX,1,4,32,0.769231,0.9963,0.5674,0.0008,loo,ok,
CricketX,1,4,64,0.782051,1.4717,0.5627,0.0028,loo,ok,
CricketX,1,4,128,0.805128,2.512,0.5671,0.0052,loo,ok,
CricketX,1,8,32,0.812821,1.3923,0.5609,0.0043,loo,ok,
CricketX,1,8,64,0.823077,2.3643,0.5656,0.0023,loo,ok,
CricketX,1,8,128,0.825641,4.0348,0.61,0.0251,loo,ok,
CricketX,1,16,32,0.815385,2.2874,0.5694,0.0032,loo,ok,
CricketX,1,16,64,0.833333,3.8641,0.5984,0.0075,loo,ok,
CricketX,1,16,128,0.823077,6.784,0.6052,0.0093,loo,ok,
CricketX,2,4,32,0.761538,0.9798,0.5646,0.0015,loo,ok,
CricketX,2,4,64,0.779487,1.4496,0.3116,0.1179,loo,ok,
CricketX,2,4,128,0.789744,2.4279,0.5627,0.0032,loo,ok,
CricketX,2,8,32,0.774359,1.4062,0.5589,0.0021,loo,ok,
CricketX,2,8,64,0.797436,2.2594,0.5673,0.0054,loo,ok,
CricketX,2,8,128,0.820513,3.9147,0.5792,0.0046,loo,ok,
CricketX,2,16,32,0.787179,2.2032,0.5669,0.0032,loo,ok,
CricketX,2,16,64,0.807692,3.7692,0.5847,0.0054,loo,ok,
CricketX,2,16,128,0.807692,6.8317,0.6074,0.0099,loo,ok,
CricketY,0,4,32,0.751282,0.8865,0.5734,0.0012,loo,ok,
CricketY,0,4,64,0.797436,1.4578,0.5691,0.0018,loo,ok,
CricketY,0,4,128,0.838462,2.4491,0.5797,0.008,loo,ok,
CricketY,0,8,32,0.807692,1.4823,0.5585,0.002,loo,ok,
CricketY,0,8,64,0.833333,2.3591,0.6137,0.0077,loo,ok,
CricketY,0,8,128,0.838462,3.9913,0.5799,0.0081,loo,ok,
CricketY,0,16,32,0.833333,2.2599,0.5687,0.0033,loo,ok,
CricketY,0,16,64,0.853846,3.7772,0.5805,0.0048,loo,ok,
CricketY,0,16,128,0.838462,6.7222,0.6137,0.0132,loo,ok,
CricketY,1,4,32,0.769231,1.0054,0.5606,0.0018,loo,ok,
CricketY,1,4,64,0.784615,1.4632,0.5562,0.0026,loo,ok,
CricketY,1,4,128,0.794872,2.4685,0.5929,0.0036,loo,ok,
CricketY,1,8,32,0.810256,1.4432,0.5636,0.0023,loo,ok,
CricketY,1,8,64,0.820513,2.3217,0.5744,0.0029,loo,ok,
CricketY,1,8,128,0.830769,3.984,0.5764,0.0049,loo,ok,
CricketY,1,16,32,0.807692,2.2834,0.5737,0.0044,loo,ok,
CricketY,1,16,64,0.835897,3.7666,0.6241,0.005,loo,ok,
CricketY,1,16,128,0.833333,6.8191,0.603,0.0109,loo,ok,
CricketY,2,4,32,0.782051,1.0267,0.6342,0.0013,loo,ok,
CricketY,2,4,64,0.817949,1.4669,0.6009,0.0013,loo,ok,
CricketY,2,4,128,0.825641,2.4767,0.5977,0.0171,loo,ok,
CricketY,2,8,32,0.835897,1.4076,0.5731,0.0029,loo,ok,
CricketY,2,8,64,0.830769,2.3215,0.5706,0.0047,loo,ok,
CricketY,2,8,128,0.84359,3.9891,0.3717,0.2262,loo,ok,
CricketY,2,16,32,0.828205,2.2489,0.6207,0.0063,loo,ok,
CricketY,2,16,64,0.838462,3.8039,0.588,0.0068,loo,ok,
CricketY,2,16,128,0.853846,6.8608,0.606,0.0147,loo,ok,
CricketZ,0,4,32,0.779487,0.8889,0.5939,0.008,loo,ok,
CricketZ,0,4,64,0.784615,1.4582,0.6366,0.0017,loo,ok,
CricketZ,0,4,128,0.794872,2.4531,0.5944,0.0027,loo,ok,
CricketZ,0,8,32,0.8,1.4415,0.5581,0.0013,loo,ok,
CricketZ,0,8,64,0.8,2.3538,0.5655,0.0054,loo,ok,
CricketZ,0,8,128,0.825641,4.1543,0.5822,0.0072,loo,ok,
CricketZ,0,16,32,0.810256,2.3107,0.5756,0.0034,loo,ok,
CricketZ,0,16,64,0.810256,3.8873,1.385,0.0135,loo,ok,
CricketZ,0,16,128,0.823077,8.4929,0.3443,0.257,loo,ok,
CricketZ,1,4,32,0.802564,1.0945,0.5688,0.0019,loo,ok,
CricketZ,1,4,64,0.802564,1.6085,0.5617,0.0013,loo,ok,
CricketZ,1,4,128,0.817949,2.5656,0.5615,0.0022,loo,ok,
CricketZ,1,8,32,0.825641,1.3538,0.5546,0.0012,loo,ok,
CricketZ,1,8,64,0.823077,2.2499,0.5999,0.0022,loo,ok,
CricketZ,1,8,128,0.833333,4.0411,0.6118,0.0061,loo,ok,
CricketZ,1,16,32,0.853846,2.235,0.5621,0.0035,loo,ok,
CricketZ,1,16,64,0.820513,3.7417,0.5761,0.0045,loo,ok,
CricketZ,1,16,128,0.848718,6.8336,0.599,0.0086,loo,ok,
CricketZ,2,4,32,0.769231,0.9909,0.5633,0.0013,loo,ok,
CricketZ,2,4,64,0.771795,1.4116,0.5546,0.0012,loo,ok,
CricketZ,2,4,128,0.807692,2.3998,0.5662,0.0035,loo,ok,
CricketZ,2,8,32,0.779487,1.415,0.5582,0.0049,loo,ok,
CricketZ,2,8,64,0.817949,2.534,0.8167,0.0034,loo,ok,
CricketZ,2,8,128,0.815385,4.1636,0.5821,0.0063,loo,ok,
CricketZ,2,16,32,0.797436,2.2268,0.5658,0.0035,loo,ok,
CricketZ,2,16,64,0.805128,3.9224,0.6996,0.0061,loo,ok,
CricketZ,2,16,128,0.830769,6.7388,0.6722,0.0092,loo,ok,
Crop,0,4,32,0.701429,6.1326,27.1838,0.081,cv5,ok,
Crop,0,4,64,0.726726,8.3107,28.6953,0.1656,cv5,ok,
Crop,0,4,128,0.735179,11.8573,37.3976,0.2583,cv5,ok,
Crop,0,8,32,0.72381,8.1114,27.8183,0.1102,cv5,ok,
Crop,0,8,64,0.734643,11.5904,37.4686,0.2233,cv5,ok,
Crop,0,8,128,0.748869,17.029,111.5618,0.2486,cv5,ok,
Crop,0,16,32,0.735179,11.2828,37.5137,0.2518,cv5,ok,
Crop,0,16,64,0.744226,17.1768,136.5547,0.2638,cv5,ok,
Crop,0,16,128,0.756607,29.6508,156.6459,0.3081,cv5,ok,
Crop,1,4,32,0.699524,6.4767,27.3929,0.0783,cv5,ok,
Crop,1,4,64,0.727976,8.4025,28.4189,0.1697,cv5,ok,
Crop,1,4,128,0.743155,11.9441,38.0161,0.2096,cv5,ok,
Crop,1,8,32,0.72125,8.1257,28.6574,0.1686,cv5,ok,
Crop,1,8,64,0.737143,11.5577,37.3991,0.2525,cv5,ok,
Crop,1,8,128,0.752143,17.7261,163.6386,0.2619,cv5,ok,
Crop,1,16,32,0.734643,11.4028,37.4467,0.2656,cv5,ok,
Crop,1,16,64,0.748512,17.3877,204.5402,0.2709,cv5,ok,
Crop,1,16,128,0.758274,30.0803,221.8616,0.2002,cv5,ok,
Crop,2,4,32,0.703512,6.416,27.4174,0.0979,cv5,ok,
Crop,2,4,64,0.723631,8.3793,28.9212,0.1472,cv5,ok,
Crop,2,4,128,0.738631,12.2229,37.3302,0.2274,cv5,ok,
Crop,2,8,32,0.720298,8.1359,27.9128,0.1136,cv5,ok,
Crop,2,8,64,0.735179,11.6657,37.5897,0.2716,cv5,ok,
Crop,2,8,128,0.748155,17.7107,222.8418,0.2579,cv5,ok,
Crop,2,16,32,0.73625,11.4139,38.0799,0.253,cv5,ok,
Crop,2,16,64,0.746131,18.0754,186.4631,0.2596,cv5,ok,
Crop,2,16,128,0.75619,30.214,265.6977,0.471,cv5,ok,
DiatomSizeReduction,0,4,32,0.954248,0.4507,0.0013,0.0044,loo,ok,
DiatomSizeReduction,0,4,64,0.954248,0.8025,0.0012,0.0176,loo,ok,
DiatomSizeReduction,0,4,128,0.95098,1.1816,0.01,0.0054,loo,ok,
DiatomSizeReduction,0,8,32,0.947712,0.7832,0.0013,0.0241,loo,ok,
DiatomSizeReduction,0,8,64,0.941176,1.2011,0.0155,0.0076,loo,ok,
DiatomSizeReduction,0,8,128,0.944444,1.9816,0.0117,0.0103,loo,ok,
DiatomSizeReduction,0,16,32,0.95098,1.1282,0.0122,0.01,loo,ok,
DiatomSizeReduction,0,16,64,0.947712,1.853,0.0044,0.0108,loo,ok,
DiatomSizeReduction,0,16,128,0.941176,3.4489,0.0123,0.0118,loo,ok,
DiatomSizeReduction,1,4,32,0.95114,0.576,0.0011,0.0106,loo,ok,
DiatomSizeReduction,1,4,64,0.964169,0.7817,0.0012,0.0103,loo,ok,
DiatomSizeReduction,1,4,128,0.957655,1.2085,0.023,0.0185,loo,ok,
DiatomSizeReduction,1,8,32,0.931596,0.7409,0.0013,0.0039,loo,ok,
DiatomSizeReduction,1,8,64,0.934853,1.1499,0.0114,0.0108,loo,ok,
DiatomSizeReduction,1,8,128,0.944625,1.8972,0.0069,0.0072,loo,ok,
DiatomSizeReduction,1,16,32,0.938111,1.145,0.0078,0.0059,loo,ok,
DiatomSizeReduction,1,16,64,0.938111,1.8111,0.0136,0.0098,loo,ok,
DiatomSizeReduction,1,16,128,0.938111,3.3671,0.005,0.0378,loo,ok,
DiatomSizeReduction,2,4,32,0.908795,0.5272,0.0013,0.0013,loo,ok,
DiatomSizeReduction,2,4,64,0.908795,0.8061,0.0012,0.011,loo,ok,
DiatomSizeReduction,2,4,128,0.908795,1.1598,0.0113,0.0105,loo,ok,
DiatomSizeReduction,2,8,32,0.908795,0.7673,0.0013,0.0107,loo,ok,
DiatomSizeReduction,2,8,64,0.908795,1.1663,0.011,0.0112,loo,ok,
DiatomSizeReduction,2,8,128,0.908795,1.8851,0.0117,0.0104,loo,ok,
DiatomSizeReduction,2,16,32,0.90228,1.0933,0.0114,0.0107,loo,ok,
DiatomSizeReduction,2,16,64,0.905537,1.7601,0.0116,0.0107,loo,ok,
DiatomSizeReduction,2,16,128,0.908795,3.2694,0.0258,0.0129,loo,ok,
DistalPhalanxOutlineAgeGroup,0,4,32,0.776978,0.2195,0.5537,0.0007,loo,ok,
DistalPhalanxOutlineAgeGroup,0,4,64,0.76259,0.3583,0.5726,0.0004,loo,ok,
DistalPhalanxOutlineAgeGroup,0,4,128,0.769784,0.5284,0.5708,0.001,loo,ok,
DistalPhalanxOutlineAgeGroup,0,8,32,0.76259,0.3663,0.5711,0.0008,loo,ok,
DistalPhalanxOutlineAgeGroup,0,8,64,0.733813,0.5178,0.6029,0.001,loo,ok,
DistalPhalanxOutlineAgeGroup,0,8,128,0.791367,0.779,0.5839,0.0074,loo,ok,
DistalPhalanxOutlineAgeGroup,0,16,32,0.784173,0.5479,0.5599,0.0005,loo,ok,
DistalPhalanxOutlineAgeGroup,0,16,64,0.784173,0.7574,0.572,0.0015,loo,ok,
DistalPhalanxOutlineAgeGroup,0,16,128,0.741007,1.2033,0.5905,0.0013,loo,ok,
DistalPhalanxOutlineAgeGroup,1,4,32,0.835714,0.2959,0.6123,0.0006,loo,ok,
DistalPhalanxOutlineAgeGroup,1,4,64,0.821429,0.366,0.5708,0.0004,loo,ok,
DistalPhalanxOutlineAgeGroup,1,4,128,0.807143,0.517,0.561,0.0005,loo,ok,
DistalPhalanxOutlineAgeGroup,1,8,32,0.835714,0.3616,0.5516,0.0004,loo,ok,
DistalPhalanxOutlineAgeGroup,1,8,64,0.835714,0.4978,0.5696,0.001,loo,ok,
DistalPhalanxOutlineAgeGroup,1,8,128,0.835714,0.7857,0.5797,0.0015,loo,ok,
DistalPhalanxOutlineAgeGroup,1,16,32,0.835714,0.5236,0.5572,0.0005,loo,ok,
DistalPhalanxOutlineAgeGroup,1,16,64,0.85,0.7758,0.5823,0.0015,loo,ok,
DistalPhalanxOutlineAgeGroup,1,16,128,0.814286,1.2485,0.6165,0.0013,loo,ok,
DistalPhalanxOutlineAgeGroup,2,4,32,0.85,0.2904,0.5558,0.0006,loo,ok,
DistalPhalanxOutlineAgeGroup,2,4,64,0.814286,0.3625,0.5814,0.0007,loo,ok,
DistalPhalanxOutlineAgeGroup,2,4,128,0.821429,0.5256,0.562,0.0005,loo,ok,
DistalPhalanxOutlineAgeGroup,2,8,32,0.85,0.3482,0.5536,0.0004,loo,ok,
DistalPhalanxOutlineAgeGroup,2,8,64,0.792857,0.5127,0.5672,0.0025,loo,ok,
DistalPhalanxOutlineAgeGroup,2,8,128,0.814286,0.787,0.5755,0.0015,loo,ok,
DistalPhalanxOutlineAgeGroup,2,16,32,0.814286,0.5111,0.5691,0.0011,loo,ok,
DistalPhalanxOutlineAgeGroup,2,16,64,0.807143,0.7557,0.5653,0.0015,loo,ok,
DistalPhalanxOutlineAgeGroup,2,16,128,0.785714,1.226,0.587,0.0024,loo,ok,
DistalPhalanxOutlineCorrect,0,4,32,0.76087,0.3696,0.6039,0.0018,loo,ok,
DistalPhalanxOutlineCorrect,0,4,64,0.771739,0.5496,0.5884,0.0009,loo,ok,
DistalPhalanxOutlineCorrect,0,4,128,0.764493,0.8205,0.3448,0.0007,loo,ok,
DistalPhalanxOutlineCorrect,0,8,32,0.778986,0.5701,0.6018,0.0009,loo,ok,
DistalPhalanxOutlineCorrect,0,8,64,0.768116,0.7917,0.5923,0.0014,loo,ok,
DistalPhalanxOutlineCorrect,0,8,128,0.753623,1.2405,0.4802,0.0202,loo,ok,
DistalPhalanxOutlineCorrect,0,16,32,0.778986,0.7796,0.6032,0.0052,loo,ok,
DistalPhalanxOutlineCorrect,0,16,64,0.746377,1.166,0.6235,0.0099,loo,ok,
DistalPhalanxOutlineCorrect,0,16,128,0.764493,2.0709,0.6577,0.002,loo,ok,
DistalPhalanxOutlineCorrect,1,4,32,0.84058,0.4216,0.5231,0.0204,loo,ok,
DistalPhalanxOutlineCorrect,1,4,64,0.851449,0.5594,0.5843,0.0009,loo,ok,
DistalPhalanxOutlineCorrect,1,4,128,0.855072,0.8154,0.597,0.0013,loo,ok,
DistalPhalanxOutlineCorrect,1,8,32,0.862319,0.5592,0.5966,0.0009,loo,ok,
DistalPhalanxOutlineCorrect,1,8,64,0.876812,0.7922,0.521,0.0118,loo,ok,
DistalPhalanxOutlineCorrect,1,8,128,0.82971,1.2144,0.5996,0.0063,loo,ok,
DistalPhalanxOutlineCorrect,1,16,32,0.876812,0.8228,0.6097,0.0014,loo,ok,
DistalPhalanxOutlineCorrect,1,16,64,0.869565,1.2104,0.6034,0.0049,loo,ok,
DistalPhalanxOutlineCorrect,1,16,128,0.851449,2.0354,0.6356,0.005,loo,ok,
DistalPhalanxOutlineCorrect,2,4,32,0.822464,0.4682,0.5792,0.0004,loo,ok,
DistalPhalanxOutlineCorrect,2,4,64,0.82971,0.5762,0.5831,0.0004,loo,ok,
DistalPhalanxOutlineCorrect,2,4,128,0.833333,0.7842,0.6149,0.0026,loo,ok,
DistalPhalanxOutlineCorrect,2,8,32,0.836957,0.5899,0.3317,0.0005,loo,ok,
DistalPhalanxOutlineCorrect,2,8,64,0.858696,0.8272,0.6181,0.0007,loo,ok,
DistalPhalanxOutlineCorrect,2,8,128,0.847826,1.2003,0.6159,0.0011,loo,ok,
DistalPhalanxOutlineCorrect,2,16,32,0.844203,0.7966,0.6057,0.0014,loo,ok,
DistalPhalanxOutlineCorrect,2,16,64,0.851449,1.2027,0.3926,0.0023,loo,ok,
DistalPhalanxOutlineCorrect,2,16,128,0.844203,2.0796,0.3826,0.0744,loo,ok,
DistalPhalanxTW,0,4,32,0.690647,0.2171,0.5645,0.0004,loo,ok,
DistalPhalanxTW,0,4,64,0.719424,0.39,0.3919,0.0008,loo,ok,
DistalPhalanxTW,0,4,128,0.719424,0.5295,0.5688,0.003,loo,ok,
DistalPhalanxTW,0,8,32,0.690647,0.3635,0.5744,0.0008,loo,ok,
DistalPhalanxTW,0,8,64,0.71223,0.5271,0.566,0.0027,loo,ok,
DistalPhalanxTW,0,8,128,0.726619,0.7656,0.5915,0.001,loo,ok,
DistalPhalanxTW,0,16,32,0.697842,0.5533,0.5599,0.0011,loo,ok,
DistalPhalanxTW,0,16,64,0.690647,0.7868,0.5317,0.0213,loo,ok,
DistalPhalanxTW,0,16,128,0.690647,1.2921,0.594,0.0038,loo,ok,
DistalPhalanxTW,1,4,32,0.785714,0.3064,0.4039,0.0006,loo,ok,
DistalPhalanxTW,1,4,64,0.757143,0.377,0.556,0.0008,loo,ok,
DistalPhalanxTW,1,4,128,0.764286,0.5644,0.572,0.0006,loo,ok,
DistalPhalanxTW,1,8,32,0.778571,0.3432,0.5572,0.0005,loo,ok,
DistalPhalanxTW,1,8,64,0.792857,0.5078,0.5593,0.0006,loo,ok,
DistalPhalanxTW,1,8,128,0.757143,0.7712,0.5729,0.0018,loo,ok,
DistalPhalanxTW,1,16,32,0.75,0.5088,0.569,0.0011,loo,ok,
DistalPhalanxTW,1,16,64,0.735714,0.7638,0.593,0.0017,loo,ok,
DistalPhalanxTW,1,16,128,0.771429,1.2368,0.5896,0.0038,loo,ok,
DistalPhalanxTW,2,4,32,0.757143,0.3222,0.5507,0.0006,loo,ok,
DistalPhalanxTW,2,4,64,0.771429,0.3517,0.565,0.0009,loo,ok,
DistalPhalanxTW,2,4,128,0.785714,0.5204,0.5616,0.0047,loo,ok,
DistalPhalanxTW,2,8,32,0.75,0.349,0.5457,0.0008,loo,ok,
DistalPhalanxTW,2,8,64,0.75,0.514,0.5708,0.0011,loo,ok,
DistalPhalanxTW,2,8,128,0.785714,0.7679,0.646,0.0011,loo,ok,
DistalPhalanxTW,2,16,32,0.771429,0.5305,0.5718,0.0027,loo,ok,
DistalPhalanxTW,2,16,64,0.771429,0.7711,0.579,0.0011,loo,ok,
DistalPhalanxTW,2,16,128,0.75,1.245,0.6219,0.0032,loo,ok,
ECG200,0,4,32,0.89,0.089,0.5412,0.0012,loo,ok,
ECG200,0,4,64,0.87,0.1877,0.3028,0.0006,loo,ok,
ECG200,0,4,128,0.9,0.288,0.5635,0.0008,loo,ok,
ECG200,0,8,32,0.88,0.1822,0.3107,0.0003,loo,ok,
ECG200,0,8,64,0.88,0.2811,0.2868,0.0007,loo,ok,
ECG200,0,8,128,0.89,0.4108,0.3916,0.0005,loo,ok,
ECG200,0,16,32,0.87,0.2906,0.5472,0.0008,loo,ok,
ECG200,0,16,64,0.9,0.401,0.5433,0.0049,loo,ok,
ECG200,0,16,128,0.89,0.6541,0.5441,0.0017,loo,ok,
ECG200,1,4,32,0.86,0.1306,0.3137,0.0024,loo,ok,
ECG200,1,4,64,0.84,0.1785,0.3125,0.0003,loo,ok,
ECG200,1,4,128,0.87,0.3024,0.5474,0.0004,loo,ok,
ECG200,1,8,32,0.87,0.1943,0.2866,0.0006,loo,ok,
ECG200,1,8,64,0.86,0.3072,0.4253,0.0027,loo,ok,
ECG200,1,8,128,0.85,0.425,0.5642,0.0026,loo,ok,
ECG200,1,16,32,0.85,0.2701,0.3278,0.0007,loo,ok,
ECG200,1,16,64,0.87,0.3984,0.5796,0.0016,loo,ok,
ECG200,1,16,128,0.85,0.6036,0.5431,0.0017,loo,ok,
ECG200,2,4,32,0.84,0.1398,0.2838,0.0006,loo,ok,
ECG200,2,4,64,0.86,0.1884,0.2832,0.0006,loo,ok,
ECG200,2,4,128,0.88,0.2978,0.2829,0.0008,loo,ok,
ECG200,2,8,32,0.86,0.1719,0.2884,0.0003,loo,ok,
ECG200,2,8,64,0.84,0.2923,0.4531,0.0004,loo,ok,
ECG200,2,8,128,0.84,0.4599,0.5561,0.0005,loo,ok,
ECG200,2,16,32,0.83,0.2714,0.4108,0.0004,loo,ok,
ECG200,2,16,64,0.86,0.407,0.3243,0.0005,loo,ok,
ECG200,2,16,128,0.85,0.5959,0.5456,0.0025,loo,ok,
ECG5000,0,4,32,0.948444,3.3554,0.4,0.0687,loo,ok,
ECG5000,0,4,64,0.947556,4.8256,0.5789,0.0131,loo,ok,
ECG5000,0,4,128,0.947778,7.1893,0.589,0.0265,loo,ok,
ECG5000,0,8,32,0.947778,4.5671,0.5776,0.0108,loo,ok,
ECG5000,0,8,64,0.950222,6.9823,0.5959,0.0203,loo,ok,
ECG5000,0,8,128,0.948889,12.3658,0.5943,0.0614,loo,ok,
ECG5000,0,16,32,0.947778,7.3178,0.9407,0.0263,loo,ok,
ECG5000,0,16,64,0.948667,12.0483,0.6036,0.056,loo,ok,
ECG5000,0,16,128,0.95,21.7683,0.6356,0.1755,loo,ok,
ECG5000,1,4,32,0.942222,3.4142,0.5748,0.0076,loo,ok,
ECG5000,1,4,64,0.943778,4.8569,0.5705,0.0116,loo,ok,
ECG5000,1,4,128,0.944889,7.8796,0.5792,0.0327,loo,ok,
ECG5000,1,8,32,0.945556,4.6829,0.5648,0.0125,loo,ok,
ECG5000,1,8,64,0.944667,7.2268,0.57,0.0288,loo,ok,
ECG5000,1,8,128,0.945333,11.6611,0.5855,0.0548,loo,ok,
ECG5000,1,16,32,0.944444,6.8684,0.5726,0.0186,loo,ok,
ECG5000,1,16,64,0.944889,11.1504,0.595,0.0541,loo,ok,
ECG5000,1,16,128,0.945556,21.03,0.6138,0.1239,loo,ok,
ECG5000,2,4,32,0.940889,3.4654,0.5601,0.004,loo,ok,
ECG5000,2,4,64,0.944444,4.7492,0.5729,0.0154,loo,ok,
ECG5000,2,4,128,0.946889,7.4822,0.5756,0.0294,loo,ok,
ECG5000,2,8,32,0.944444,4.6494,0.5627,0.0095,loo,ok,
ECG5000,2,8,64,0.946,7.085,0.5742,0.03,loo,ok,
ECG5000,2,8,128,0.946667,11.7303,0.5887,0.0611,loo,ok,
ECG5000,2,16,32,0.945556,6.9241,0.5713,0.0135,loo,ok,
ECG5000,2,16,64,0.946,11.3182,0.5859,0.0513,loo,ok,
ECG5000,2,16,128,0.946444,20.482,0.6127,0.1213,loo,ok,
ECGFiveDays,0,4,32,0.997677,0.5856,0.0036,0.0042,loo,ok,
ECGFiveDays,0,4,64,1.0,0.9575,0.0143,0.009,loo,ok,
ECGFiveDays,0,4,128,0.998839,1.3668,0.0153,0.0145,loo,ok,
ECGFiveDays,0,8,32,1.0,0.9244,0.0192,0.0032,loo,ok,
ECGFiveDays,0,8,64,1.0,1.3285,0.0212,0.0478,loo,ok,
ECGFiveDays,0,8,128,1.0,2.1143,0.0119,0.0108,loo,ok,
ECGFiveDays,0,16,32,1.0,1.3311,0.0114,0.0119,loo,ok,
ECGFiveDays,0,16,64,1.0,2.0489,0.0117,0.0105,loo,ok,
ECGFiveDays,0,16,128,1.0,3.5763,0.0127,0.0216,loo,ok,
ECGFiveDays,1,4,32,0.998839,0.7666,0.0113,0.0104,loo,ok,
ECGFiveDays,1,4,64,0.997677,0.9812,0.0114,0.0102,loo,ok,
ECGFiveDays,1,4,128,0.997677,1.3714,0.0114,0.0104,loo,ok,
ECGFiveDays,1,8,32,1.0,0.9202,0.0135,0.0084,loo,ok,
ECGFiveDays,1,8,64,1.0,1.3265,0.0218,0.0103,loo,ok,
ECGFiveDays,1,8,128,1.0,2.0976,0.0121,0.0105,loo,ok,
ECGFiveDays,1,16,32,1.0,1.3151,0.0144,0.0108,loo,ok,
ECGFiveDays,1,16,64,1.0,2.0636,0.0119,0.0262,loo,ok,
ECGFiveDays,1,16,128,1.0,3.6533,0.0047,0.009,loo,ok,
ECGFiveDays,2,4,32,0.997677,0.7202,0.0111,0.0105,loo,ok,
ECGFiveDays,2,4,64,0.998839,0.9458,0.0111,0.0108,loo,ok,
ECGFiveDays,2,4,128,0.997677,1.3639,0.0113,0.0106,loo,ok,
ECGFiveDays,2,8,32,0.997677,0.9168,0.0111,0.0191,loo,ok,
ECGFiveDays,2,8,64,0.998839,1.3265,0.0114,0.0203,loo,ok,
ECGFiveDays,2,8,128,0.998839,2.0975,0.0047,0.0076,loo,ok,
ECGFiveDays,2,16,32,0.997677,1.3398,0.0816,0.017,loo,ok,
ECGFiveDays,2,16,64,0.998839,2.0072,0.0118,0.0106,loo,ok,
ECGFiveDays,2,16,128,0.998839,3.6182,0.013,0.0504,loo,ok,
EOGHorizontalSignal,0,4,32,0.535912,2.9395,0.5697,0.0009,loo,ok,
EOGHorizontalSignal,0,4,64,0.541436,4.8643,0.5787,0.0014,loo,ok,
EOGHorizontalSignal,0,4,128,0.585635,9.1359,0.5615,0.0042,loo,ok,
EOGHorizontalSignal,0,8,32,0.569061,4.5874,0.5602,0.0023,loo,ok,
EOGHorizontalSignal,0,8,64,0.577348,8.294,0.5714,0.0056,loo,ok,
EOGHorizontalSignal,0,8,128,0.588398,15.4161,0.5785,0.0052,loo,ok,
EOGHorizontalSignal,0,16,32,0.585635,7.9269,0.5636,0.004,loo,ok,
EOGHorizontalSignal,0,16,64,0.577348,14.2874,0.5782,0.0061,loo,ok,
EOGHorizontalSignal,0,16,128,0.566298,27.38,0.6288,0.0166,loo,ok,
EOGHorizontalSignal,1,4,32,0.814917,3.0253,0.5576,0.0009,loo,ok,
EOGHorizontalSignal,1,4,64,0.812155,4.9128,0.5554,0.0015,loo,ok,
EOGHorizontalSignal,1,4,128,0.831492,8.9869,0.5667,0.0044,loo,ok,
EOGHorizontalSignal,1,8,32,0.828729,4.57,0.5833,0.0015,loo,ok,
EOGHorizontalSignal,1,8,64,0.842541,8.2081,0.5612,0.0028,loo,ok,
EOGHorizontalSignal,1,8,128,0.856354,15.0608,0.5761,0.0051,loo,ok,
EOGHorizontalSignal,1,16,32,0.850829,7.8251,0.5627,0.004,loo,ok,
EOGHorizontalSignal,1,16,64,0.850829,14.1843,0.5834,0.0056,loo,ok,
EOGHorizontalSignal,1,16,128,0.861878,27.1203,0.6172,0.012,loo,ok,
EOGHorizontalSignal,2,4,32,0.809392,3.0429,0.5549,0.0014,loo,ok,
EOGHorizontalSignal,2,4,64,0.820442,4.8995,0.5572,0.0015,loo,ok,
EOGHorizontalSignal,2,4,128,0.825967,9.2152,0.5913,0.0043,loo,ok,
EOGHorizontalSignal,2,8,32,0.839779,4.555,0.5569,0.0023,loo,ok,
EOGHorizontalSignal,2,8,64,0.845304,8.2445,0.5636,0.0027,loo,ok,
EOGHorizontalSignal,2,8,128,0.831492,15.0612,0.5758,0.0062,loo,ok,
EOGHorizontalSignal,2,16,32,0.842541,7.8978,0.5653,0.0039,loo,ok,
EOGHorizontalSignal,2,16,64,0.842541,14.366,0.5749,0.005,loo,ok,
EOGHorizontalSignal,2,16,128,0.839779,26.7376,0.6032,0.0143,loo,ok,
EOGVerticalSignal,0,4,32,0.480663,3.0287,0.5674,0.0008,loo,ok,
EOGVerticalSignal,0,4,64,0.447514,5.0299,0.562,0.0032,loo,ok,
EOGVerticalSignal,0,4,128,0.477901,9.0702,0.5681,0.0028,loo,ok,
EOGVerticalSignal,0,8,32,0.483425,4.5576,0.5566,0.0023,loo,ok,
EOGVerticalSignal,0,8,64,0.502762,8.2176,0.5661,0.0033,loo,ok,
EOGVerticalSignal,0,8,128,0.483425,15.0814,0.5782,0.0077,loo,ok,
EOGVerticalSignal,0,16,32,0.491713,7.8365,0.5618,0.0028,loo,ok,
EOGVerticalSignal,0,16,64,0.480663,14.2265,0.5747,0.0077,loo,ok,
EOGVerticalSignal,0,16,128,0.475138,27.1875,0.6106,0.0108,loo,ok,
EOGVerticalSignal,1,4,32,0.71547,3.0398,0.5533,0.0014,loo,ok,
EOGVerticalSignal,1,4,64,0.71547,4.9635,0.5585,0.0023,loo,ok,
EOGVerticalSignal,1,4,128,0.729282,9.0952,0.5694,0.0027,loo,ok,
EOGVerticalSignal,1,8,32,0.751381,4.5946,0.5586,0.0023,loo,ok,
EOGVerticalSignal,1,8,64,0.776243,8.283,0.5625,0.0028,loo,ok,
EOGVerticalSignal,1,8,128,0.759669,15.0985,0.5808,0.0066,loo,ok,
EOGVerticalSignal,1,16,32,0.737569,7.8573,0.5634,0.0027,loo,ok,
EOGVerticalSignal,1,16,64,0.759669,14.2817,0.5767,0.0052,loo,ok,
EOGVerticalSignal,1,16,128,0.759669,27.2088,0.6335,0.0119,loo,ok,
EOGVerticalSignal,2,4,32,0.734807,3.0291,0.5539,0.0009,loo,ok,
EOGVerticalSignal,2,4,64,0.745856,5.0656,0.5589,0.0016,loo,ok,
EOGVerticalSignal,2,4,128,0.745856,9.0747,0.5624,0.0041,loo,ok,
EOGVerticalSignal,2,8,32,0.770718,4.5766,0.5548,0.0016,loo,ok,
EOGVerticalSignal,2,8,64,0.78453,8.3424,0.5651,0.004,loo,ok,
EOGVerticalSignal,2,8,128,0.792818,15.4056,0.5889,0.0051,loo,ok,
EOGVerticalSignal,2,16,32,0.773481,8.2352,0.5606,0.0041,loo,ok,
EOGVerticalSignal,2,16,64,0.809392,14.6411,0.596,0.0107,loo,ok,
EOGVerticalSignal,2,16,128,0.809392,29.7587,0.6311,0.0155,loo,ok,
Earthquakes,0,4,32,0.748201,0.7645,0.5471,0.0003,loo,ok,
Earthquakes,0,4,64,0.755396,1.2958,0.586,0.0004,loo,ok,
Earthquakes,0,4,128,0.733813,2.2701,0.5527,0.0006,loo,ok,
Earthquakes,0,8,32,0.748201,1.229,0.5541,0.0015,loo,ok,
Earthquakes,0,8,64,0.741007,2.1206,0.5566,0.0013,loo,ok,
Earthquakes,0,8,128,0.733813,3.8343,0.5608,0.0031,loo,ok,
Earthquakes,0,16,32,0.726619,2.146,0.5593,0.0013,loo,ok,
Earthquakes,0,16,64,0.719424,3.9351,0.565,0.0022,loo,ok,
Earthquakes,0,16,128,0.733813,6.9453,0.5851,0.0091,loo,ok,
Earthquakes,1,4,32,0.791367,0.9206,0.51,0.0179,loo,ok,
Earthquakes,1,4,64,0.791367,1.4664,0.5497,0.0004,loo,ok,
Earthquakes,1,4,128,0.81295,2.5761,0.5641,0.0011,loo,ok,
Earthquakes,1,8,32,0.798561,1.4368,0.5554,0.0054,loo,ok,
Earthquakes,1,8,64,0.791367,2.277,0.5577,0.0015,loo,ok,
Earthquakes,1,8,128,0.76259,3.9577,0.567,0.0009,loo,ok,
Earthquakes,1,16,32,0.791367,2.0598,0.5558,0.0006,loo,ok,
Earthquakes,1,16,64,0.791367,3.8644,0.566,0.0019,loo,ok,
Earthquakes,1,16,128,0.805755,6.8712,0.5803,0.0015,loo,ok,
Earthquakes,2,4,32,0.805755,0.8903,0.5497,0.0054,loo,ok,
Earthquakes,2,4,64,0.798561,1.3315,0.5515,0.0008,loo,ok,
Earthquakes,2,4,128,0.798561,2.5626,0.5569,0.0006,loo,ok,
Earthquakes,2,8,32,0.791367,1.3652,0.5498,0.0008,loo,ok,
Earthquakes,2,8,64,0.784173,2.1269,0.5565,0.0006,loo,ok,
Earthquakes,2,8,128,0.755396,3.8796,0.5634,0.0018,loo,ok,
Earthquakes,2,16,32,0.776978,2.0482,0.5547,0.0011,loo,ok,
Earthquakes,2,16,64,0.769784,3.5686,0.5616,0.0009,loo,ok,
Earthquakes,2,16,128,0.755396,6.5725,0.578,0.0016,loo,ok,
ElectricDevices,0,4,32,0.715212,7.5516,28.2936,0.0215,cv5,ok,
ElectricDevices,0,4,64,0.734016,10.5652,31.1365,0.0218,cv5,ok,
ElectricDevices,0,4,128,0.756971,15.9914,47.008,0.0363,cv5,ok,
ElectricDevices,0,8,32,0.734535,10.2683,30.9293,0.0214,cv5,ok,
ElectricDevices,0,8,64,0.728829,15.4343,47.1761,0.0971,cv5,ok,
ElectricDevices,0,8,128,0.754636,24.5008,508.33,0.1151,cv5,ok,
ElectricDevices,0,16,32,0.749838,14.6477,46.2186,0.0309,cv5,ok,
ElectricDevices,0,16,64,0.754507,22.1503,458.9591,0.1099,cv5,ok,
ElectricDevices,0,16,128,0.756971,40.8144,589.4902,0.0547,cv5,ok,
ElectricDevices,1,4,32,0.865517,7.913,27.6086,0.0371,cv5,ok,
ElectricDevices,1,4,64,0.876929,10.6666,30.938,0.028,cv5,ok,
ElectricDevices,1,4,128,0.888601,15.8493,46.468,0.0273,cv5,ok,
ElectricDevices,1,8,32,0.88082,10.3906,30.8735,0.029,cv5,ok,
ElectricDevices,1,8,64,0.894047,15.5132,46.8735,0.0502,cv5,ok,
ElectricDevices,1,8,128,0.895993,24.3224,583.8796,0.091,cv5,ok,
ElectricDevices,1,16,32,0.887044,18.7708,53.5343,0.0465,cv5,ok,
ElectricDevices,1,16,64,0.89703,33.5838,506.0298,0.0652,cv5,ok,
ElectricDevices,1,16,128,0.901958,42.9061,702.9525,0.1079,cv5,ok,
ElectricDevices,2,4,32,0.8685,7.9116,27.8501,0.0145,cv5,ok,
ElectricDevices,2,4,64,0.885099,10.9834,32.9717,0.0251,cv5,ok,
ElectricDevices,2,4,128,0.888212,16.4302,47.6338,0.0617,cv5,ok,
ElectricDevices,2,8,32,0.88458,10.2496,31.4689,0.0386,cv5,ok,
ElectricDevices,2,8,64,0.894177,16.4386,47.7111,0.079,cv5,ok,
ElectricDevices,2,8,128,0.89729,24.7626,603.1493,0.0732,cv5,ok,
ElectricDevices,2,16,32,0.891065,15.1935,47.421,0.0629,cv5,ok,
ElectricDevices,2,16,64,0.899105,23.3712,516.9305,0.1462,cv5,ok,
ElectricDevices,2,16,128,0.904422,50.5671,692.2753,0.1802,cv5,ok,
EthanolLevel,0,4,32,0.54,5.2138,0.5894,0.0019,loo,ok,
EthanolLevel,0,4,64,0.56,10.2907,0.6051,0.0025,loo,ok,
EthanolLevel,0,4,128,0.562,17.0973,0.4077,0.0283,loo,ok,
EthanolLevel,0,8,32,0.586,8.8503,0.5764,0.0016,loo,ok,
EthanolLevel,0,8,64,0.598,16.0234,0.676,0.0043,loo,ok,
EthanolLevel,0,8,128,0.574,28.6174,0.5898,0.0417,loo,ok,
EthanolLevel,0,16,32,0.606,15.3092,0.3837,0.0655,loo,ok,
EthanolLevel,0,16,64,0.576,27.6469,0.6499,0.016,loo,ok,
EthanolLevel,0,16,128,0.592,54.1073,0.762,0.032,loo,ok,
EthanolLevel,1,4,32,0.602,5.5708,0.5766,0.0008,loo,ok,
EthanolLevel,1,4,64,0.626,10.1696,0.6799,0.0013,loo,ok,
EthanolLevel,1,4,128,0.636,17.9976,0.3911,0.0823,loo,ok,
EthanolLevel,1,8,32,0.622,9.3163,0.4078,0.0237,loo,ok,
EthanolLevel,1,8,64,0.658,16.5373,0.668,0.0038,loo,ok,
EthanolLevel,1,8,128,0.676,29.6016,0.6262,0.0107,loo,ok,
EthanolLevel,1,16,32,0.644,15.7279,0.6063,0.007,loo,ok,
EthanolLevel,1,16,64,0.67,31.4511,0.6466,0.0047,loo,ok,
EthanolLevel,1,16,128,0.67,54.0346,0.7089,0.0258,loo,ok,
EthanolLevel,2,4,32,0.642,5.3601,0.6685,0.0008,loo,ok,
EthanolLevel,2,4,64,0.648,9.87,0.6032,0.0096,loo,ok,
EthanolLevel,2,4,128,0.65,17.6747,0.63,0.0079,loo,ok,
EthanolLevel,2,8,32,0.642,9.1985,0.5924,0.0014,loo,ok,
EthanolLevel,2,8,64,0.698,16.193,0.5916,0.0046,loo,ok,
EthanolLevel,2,8,128,0.684,29.1798,0.648,0.0145,loo,ok,
EthanolLevel,2,16,32,0.678,15.3609,0.6316,0.0044,loo,ok,
EthanolLevel,2,16,64,0.698,27.2354,0.6151,0.0063,loo,ok,
EthanolLevel,2,16,128,0.708,56.4488,0.7092,0.0171,loo,ok,
FaceAll,0,4,32,0.83432,1.506,0.7589,0.0093,loo,ok,
FaceAll,0,4,64,0.871006,2.196,0.6236,0.0042,loo,ok,
FaceAll,0,4,128,0.898225,3.598,0.7235,0.0237,loo,ok,
FaceAll,0,8,32,0.85858,2.1763,0.6208,0.0084,loo,ok,
FaceAll,0,8,64,0.892899,3.3134,0.6375,0.0103,loo,ok,
FaceAll,0,8,128,0.918343,5.4691,0.4805,0.2044,loo,ok,
FaceAll,0,16,32,0.860355,3.4051,0.6394,0.0117,loo,ok,
FaceAll,0,16,64,0.891124,5.6434,0.6076,0.0248,loo,ok,
FaceAll,0,16,128,0.89645,9.4396,0.6349,0.0501,loo,ok,
FaceAll,1,4,32,0.978698,1.5169,0.5831,0.003,loo,ok,
FaceAll,1,4,64,0.985799,2.2502,0.5734,0.0057,loo,ok,
FaceAll,1,4,128,0.986982,3.3396,0.5902,0.0082,loo,ok,
FaceAll,1,8,32,0.984615,2.1393,0.5776,0.0038,loo,ok,
FaceAll,1,8,64,0.988757,3.2452,0.5866,0.0089,loo,ok,
FaceAll,1,8,128,0.988757,5.2507,0.6042,0.0296,loo,ok,
FaceAll,1,16,32,0.985799,3.0918,0.5813,0.0087,loo,ok,
FaceAll,1,16,64,0.988757,5.061,0.6023,0.0227,loo,ok,
FaceAll,1,16,128,0.989941,9.4607,0.6355,0.0515,loo,ok,
FaceAll,2,4,32,0.979882,1.5598,0.578,0.0021,loo,ok,
FaceAll,2,4,64,0.984615,2.1982,0.572,0.0041,loo,ok,
FaceAll,2,4,128,0.985207,3.3725,0.5858,0.01,loo,ok,
FaceAll,2,8,32,0.986982,2.1566,0.5757,0.0055,loo,ok,
FaceAll,2,8,64,0.988757,3.2411,0.5829,0.0107,loo,ok,
FaceAll,2,8,128,0.990533,5.3383,0.6074,0.0222,loo,ok,
FaceAll,2,16,32,0.987574,3.1764,0.5866,0.0102,loo,ok,
FaceAll,2,16,64,0.989349,5.183,0.6001,0.0241,loo,ok,
FaceAll,2,16,128,0.987574,9.6456,0.6361,0.0543,loo,ok,
FaceFour,0,4,32,0.897727,0.1568,0.0011,0.0101,loo,ok,
FaceFour,0,4,64,0.909091,0.386,0.0071,0.0088,loo,ok,
FaceFour,0,4,128,0.931818,0.5209,0.0115,0.009,loo,ok,
FaceFour,0,8,32,0.886364,0.3605,0.0341,0.0206,loo,ok,
FaceFour,0,8,64,0.863636,0.4914,0.0113,0.0071,loo,ok,
FaceFour,0,8,128,0.863636,0.8627,0.0138,0.005,loo,ok,
FaceFour,0,16,32,0.840909,0.5348,0.0196,0.0041,loo,ok,
FaceFour,0,16,64,0.875,0.8282,0.0119,0.0041,loo,ok,
FaceFour,0,16,128,0.852273,1.3728,0.023,0.0109,loo,ok,
FaceFour,1,4,32,0.931818,0.2995,0.0013,0.0102,loo,ok,
FaceFour,1,4,64,0.931818,0.3829,0.0113,0.0103,loo,ok,
FaceFour,1,4,128,0.920455,0.5465,0.0184,0.0054,loo,ok,
FaceFour,1,8,32,0.931818,0.3641,0.0111,0.0107,loo,ok,
FaceFour,1,8,64,0.931818,0.5288,0.0033,0.0086,loo,ok,
FaceFour,1,8,128,0.931818,0.8546,0.0117,0.0055,loo,ok,
FaceFour,1,16,32,0.931818,0.525,0.0116,0.0142,loo,ok,
FaceFour,1,16,64,0.920455,0.8098,0.012,0.0136,loo,ok,
FaceFour,1,16,128,0.931818,1.3609,0.023,0.0107,loo,ok,
FaceFour,2,4,32,0.931818,0.2808,0.0013,0.0109,loo,ok,
FaceFour,2,4,64,0.931818,0.3736,0.0112,0.0108,loo,ok,
FaceFour,2,4,128,0.931818,0.534,0.0036,0.0082,loo,ok,
FaceFour,2,8,32,0.931818,0.3848,0.0111,0.0105,loo,ok,
FaceFour,2,8,64,0.931818,0.5002,0.0116,0.0066,loo,ok,
FaceFour,2,8,128,0.931818,0.8574,0.0119,0.004,loo,ok,
FaceFour,2,16,32,0.931818,0.4989,0.0113,0.0105,loo,ok,
FaceFour,2,16,64,0.931818,0.8284,0.0122,0.0039,loo,ok,
FaceFour,2,16,128,0.931818,1.3352,0.043,0.02,loo,ok,
FacesUCR,0,4,32,0.936585,1.4593,0.35,0.1407,loo,ok,
FacesUCR,0,4,64,0.949268,2.1264,0.5606,0.012,loo,ok,
FacesUCR,0,4,128,0.951707,3.142,0.5454,0.0143,loo,ok,
FacesUCR,0,8,32,0.954634,2.1348,0.558,0.0128,loo,ok,
FacesUCR,0,8,64,0.953659,3.265,0.5472,0.0178,loo,ok,
FacesUCR,0,8,128,0.959512,5.248,0.5506,0.0319,loo,ok,
FacesUCR,0,16,32,0.955122,3.126,0.5453,0.0094,loo,ok,
FacesUCR,0,16,64,0.958049,5.0541,0.5525,0.0341,loo,ok,
FacesUCR,0,16,128,0.960488,9.4626,0.5576,0.0666,loo,ok,
FacesUCR,1,4,32,0.950244,1.5826,0.5229,0.0031,loo,ok,
FacesUCR,1,4,64,0.961951,2.1557,0.5426,0.0066,loo,ok,
FacesUCR,1,4,128,0.965854,3.3794,0.5451,0.0092,loo,ok,
FacesUCR,1,8,32,0.961951,2.1514,0.545,0.0069,loo,ok,
FacesUCR,1,8,64,0.963415,3.2082,0.5557,0.0193,loo,ok,
FacesUCR,1,8,128,0.970732,5.3225,0.5504,0.0214,loo,ok,
FacesUCR,1,16,32,0.963415,3.2544,0.5553,0.0121,loo,ok,
FacesUCR,1,16,64,0.967317,5.0894,0.5505,0.0234,loo,ok,
FacesUCR,1,16,128,0.96878,9.4955,0.5721,0.0725,loo,ok,
FacesUCR,2,4,32,0.954146,1.6031,0.5406,0.0037,loo,ok,
FacesUCR,2,4,64,0.952195,2.1345,0.544,0.0056,loo,ok,
FacesUCR,2,4,128,0.966829,3.3682,0.5463,0.0098,loo,ok,
FacesUCR,2,8,32,0.959024,2.1291,0.5411,0.0094,loo,ok,
FacesUCR,2,8,64,0.96439,3.2274,0.5488,0.0166,loo,ok,
FacesUCR,2,8,128,0.965854,5.2742,0.5508,0.0274,loo,ok,
FacesUCR,2,16,32,0.960976,3.1249,0.5454,0.0102,loo,ok,
FacesUCR,2,16,64,0.965854,5.1195,0.5502,0.0188,loo,ok,
FacesUCR,2,16,128,0.965854,9.5062,0.5609,0.0606,loo,ok,
FiftyWords,0,4,32,0.793407,0.8718,0.5818,0.0012,loo,ok,
FiftyWords,0,4,64,0.821978,1.4069,0.6034,0.0031,loo,ok,
FiftyWords,0,4,128,0.835165,2.2849,0.6097,0.0045,loo,ok,
FiftyWords,0,8,32,0.828571,1.3688,0.57,0.0028,loo,ok,
FiftyWords,0,8,64,0.837363,2.3099,0.6414,0.0062,loo,ok,
FiftyWords,0,8,128,0.850549,3.9997,0.6005,0.0105,loo,ok,
FiftyWords,0,16,32,0.832967,2.2952,0.5756,0.0065,loo,ok,
FiftyWords,0,16,64,0.832967,3.8879,0.4465,0.1407,loo,ok,
FiftyWords,0,16,128,0.846154,7.3076,0.6318,0.0208,loo,ok,
FiftyWords,1,4,32,0.786813,1.0016,0.5602,0.0026,loo,ok,
FiftyWords,1,4,64,0.813187,1.4406,0.5588,0.0031,loo,ok,
FiftyWords,1,4,128,0.841758,2.4189,0.5819,0.0059,loo,ok,
FiftyWords,1,8,32,0.813187,1.4434,0.5651,0.0032,loo,ok,
FiftyWords,1,8,64,0.824176,2.3231,0.5746,0.0057,loo,ok,
FiftyWords,1,8,128,0.830769,3.9963,0.5932,0.0113,loo,ok,
FiftyWords,1,16,32,0.832967,2.2977,0.5792,0.0055,loo,ok,
FiftyWords,1,16,64,0.832967,3.8759,0.605,0.0125,loo,ok,
FiftyWords,1,16,128,0.83956,7.3601,0.6231,0.0182,loo,ok,
FiftyWords,2,4,32,0.804396,1.0221,0.5682,0.0013,loo,ok,
FiftyWords,2,4,64,0.835165,1.4685,0.5781,0.0025,loo,ok,
FiftyWords,2,4,128,0.826374,2.4535,0.5747,0.0053,loo,ok,
FiftyWords,2,8,32,0.824176,1.4796,0.5701,0.0035,loo,ok,
FiftyWords,2,8,64,0.832967,2.503,0.6015,0.0056,loo,ok,
FiftyWords,2,8,128,0.850549,4.3525,0.5973,0.0267,loo,ok,
FiftyWords,2,16,32,0.83956,2.4306,0.6067,0.0057,loo,ok,
FiftyWords,2,16,64,0.83956,4.1708,0.6337,0.0105,loo,ok,
FiftyWords,2,16,128,0.848352,7.7782,0.6772,0.0215,loo,ok,
Fish,0,4,32,0.994286,0.4067,0.5164,0.0275,loo,ok,
Fish,0,4,64,0.994286,0.8479,0.5262,0.0204,loo,ok,
Fish,0,4,128,0.994286,1.4973,0.5133,0.0332,loo,ok,
Fish,0,8,32,0.977143,0.8106,0.5034,0.0253,loo,ok,
Fish,0,8,64,0.988571,1.5244,0.5122,0.0178,loo,ok,
Fish,0,8,128,0.982857,2.6934,0.5503,0.0058,loo,ok,
Fish,0,16,32,0.988571,1.4425,0.5245,0.0227,loo,ok,
Fish,0,16,64,0.988571,2.5448,0.5492,0.0016,loo,ok,
Fish,0,16,128,0.988571,4.7268,0.5341,0.0301,loo,ok,
Fish,1,4,32,0.977143,0.556,0.5004,0.037,loo,ok,
Fish,1,4,64,0.977143,0.9974,0.4731,0.0234,loo,ok,
Fish,1,4,128,0.977143,1.5487,0.4132,0.0328,loo,ok,
Fish,1,8,32,0.971429,0.8231,0.5336,0.01,loo,ok,
Fish,1,8,64,0.982857,1.454,0.5115,0.0169,loo,ok,
Fish,1,8,128,0.982857,2.6485,0.5258,0.0223,loo,ok,
Fish,1,16,32,0.982857,1.4487,0.5214,0.0207,loo,ok,
Fish,1,16,64,0.988571,2.5495,0.4899,0.0316,loo,ok,
Fish,1,16,128,0.982857,4.7683,0.5187,0.0365,loo,ok,
Fish,2,4,32,0.994286,0.5578,0.4945,0.0335,loo,ok,
Fish,2,4,64,0.988571,0.8439,0.5141,0.0215,loo,ok,
Fish,2,4,128,0.988571,1.5362,0.5447,0.0015,loo,ok,
Fish,2,8,32,0.982857,0.8389,0.5083,0.0261,loo,ok,
Fish,2,8,64,0.988571,1.4697,0.521,0.0154,loo,ok,
Fish,2,8,128,0.994286,2.6724,0.5487,0.0025,loo,ok,
Fish,2,16,32,0.982857,1.4456,0.5302,0.0083,loo,ok,
Fish,2,16,64,0.988571,2.517,0.5485,0.0037,loo,ok,
Fish,2,16,128,0.988571,4.742,0.5417,0.0228,loo,ok,
FordA,0,4,32,0.956061,8.609,26.9444,0.0233,cv5,ok,
FordA,0,4,64,0.958333,13.2994,36.1122,0.0166,cv5,ok,
FordA,0,4,128,0.961364,25.2095,43.4675,0.0103,cv5,ok,
FordA,0,8,32,0.956818,14.4028,46.0293,0.0235,cv5,ok,
FordA,0,8,64,0.959848,24.2245,41.059,0.031,cv5,ok,
FordA,0,8,128,0.960606,39.9643,50.0617,0.0327,cv5,ok,
FordA,0,16,32,0.963636,22.6241,50.3784,0.0232,cv5,ok,
FordA,0,16,64,0.964394,39.0023,64.7944,0.0158,cv5,ok,
FordA,0,16,128,0.956818,73.4363,94.9777,0.0207,cv5,ok,
FordA,1,4,32,0.959122,8.8667,27.0459,0.0129,cv5,ok,
FordA,1,4,64,0.95458,14.3382,46.2742,0.0212,cv5,ok,
FordA,1,4,128,0.959879,24.6862,46.6053,0.0211,cv5,ok,
FordA,1,8,32,0.958365,13.8339,30.559,0.0209,cv5,ok,
FordA,1,8,64,0.960636,23.6443,41.8562,0.038,cv5,ok,
FordA,1,8,128,0.960636,40.7392,51.8936,0.0439,cv5,ok,
FordA,1,16,32,0.953823,22.8095,56.0513,0.0139,cv5,ok,
FordA,1,16,64,0.956851,39.4915,73.051,0.0062,cv5,ok,
FordA,1,16,128,0.962907,74.1256,91.0985,0.0206,cv5,ok,
FordA,2,4,32,0.950038,9.5736,26.9696,0.0323,cv5,ok,
FordA,2,4,64,0.953823,14.9918,42.5777,0.0137,cv5,ok,
FordA,2,4,128,0.956094,24.9699,46.3888,0.0153,cv5,ok,
FordA,2,8,32,0.955337,13.8316,34.7831,0.0132,cv5,ok,
FordA,2,8,64,0.953823,23.7629,42.2026,0.0229,cv5,ok,
FordA,2,8,128,0.952309,40.6813,62.6459,0.0079,cv5,ok,
FordA,2,16,32,0.959879,22.8733,61.5236,0.0203,cv5,ok,
FordA,2,16,64,0.950795,39.7491,79.4675,0.0222,cv5,ok,
FordA,2,16,128,0.950038,74.8698,94.2809,0.0901,cv5,ok,
FordB,0,4,32,0.811111,7.794,27.2336,0.0337,cv5,ok,
FordB,0,4,64,0.820988,12.3229,44.8361,0.0138,cv5,ok,
FordB,0,4,128,0.824691,22.4993,49.6018,0.0024,cv5,ok,
FordB,0,8,32,0.82963,12.6628,36.5807,0.011,cv5,ok,
FordB,0,8,64,0.825926,21.5802,43.2531,0.0378,cv5,ok,
FordB,0,8,128,0.828395,36.9163,49.1241,0.0041,cv5,ok,
FordB,0,16,32,0.822222,20.7927,63.1411,0.0317,cv5,ok,
FordB,0,16,64,0.812346,35.9588,59.6568,0.0604,cv5,ok,
FordB,0,16,128,0.818519,67.6722,89.9989,0.0331,cv5,ok,
FordB,1,4,32,0.929716,8.0831,26.6819,0.0212,cv5,ok,
FordB,1,4,64,0.929716,13.1601,34.7273,0.0176,cv5,ok,
FordB,1,4,128,0.930949,22.4117,50.7973,0.0023,cv5,ok,
FordB,1,8,32,0.939581,12.6152,36.543,0.016,cv5,ok,
FordB,1,8,64,0.933416,21.5909,43.0228,0.0197,cv5,ok,
FordB,1,8,128,0.942047,37.8181,51.7146,0.0204,cv5,ok,
FordB,1,16,32,0.935882,21.4471,63.4044,0.0133,cv5,ok,
FordB,1,16,64,0.937115,34.3177,66.3059,0.0389,cv5,ok,
FordB,1,16,128,0.930949,65.1294,88.5487,0.0391,cv5,ok,
FordB,2,4,32,0.928483,7.8592,26.1776,0.0139,cv5,ok,
FordB,2,4,64,0.933416,12.521,36.3093,0.0391,cv5,ok,
FordB,2,4,128,0.933416,21.4573,40.1846,0.0201,cv5,ok,
FordB,2,8,32,0.930949,11.969,43.1713,0.0407,cv5,ok,
FordB,2,8,64,0.929716,20.5094,46.7162,0.0126,cv5,ok,
FordB,2,8,128,0.929716,35.6008,47.2649,0.0196,cv5,ok,
FordB,2,16,32,0.932182,19.7723,45.5577,0.0261,cv5,ok,
FordB,2,16,64,0.933416,34.5505,66.4012,0.0462,cv5,ok,
FordB,2,16,128,0.938348,64.9697,85.7056,0.0298,cv5,ok,
FreezerRegularTrain,0,4,32,0.996491,3.6388,0.5536,0.0044,loo,ok,
FreezerRegularTrain,0,4,64,0.996491,5.5894,0.5408,0.0033,loo,ok,
FreezerRegularTrain,0,4,128,0.996842,9.5431,0.5422,0.0171,loo,ok,
FreezerRegularTrain,0,8,32,0.998246,5.4442,0.54,0.0031,loo,ok,
FreezerRegularTrain,0,8,64,0.997895,9.0197,0.5418,0.0122,loo,ok,
FreezerRegularTrain,0,8,128,0.997544,15.5154,0.5927,0.0438,loo,ok,
FreezerRegularTrain,0,16,32,0.996491,8.5634,0.5419,0.0122,loo,ok,
FreezerRegularTrain,0,16,64,0.997895,14.8677,0.5445,0.0233,loo,ok,
FreezerRegularTrain,0,16,128,0.997895,27.6384,0.5503,0.0823,loo,ok,
FreezerRegularTrain,1,4,32,0.990526,3.768,0.5412,0.0038,loo,ok,
FreezerRegularTrain,1,4,64,0.994386,5.761,0.5433,0.0033,loo,ok,
FreezerRegularTrain,1,4,128,0.994035,9.6406,0.5421,0.0203,loo,ok,
FreezerRegularTrain,1,8,32,0.996491,5.4549,0.5403,0.007,loo,ok,
FreezerRegularTrain,1,8,64,0.996842,9.0067,0.543,0.0145,loo,ok,
FreezerRegularTrain,1,8,128,0.99614,15.3525,0.5447,0.0368,loo,ok,
FreezerRegularTrain,1,16,32,0.997895,8.5564,0.5447,0.0123,loo,ok,
FreezerRegularTrain,1,16,64,0.997193,14.6341,0.5446,0.0447,loo,ok,
FreezerRegularTrain,1,16,128,0.996842,27.5469,0.5527,0.066,loo,ok,
FreezerRegularTrain,2,4,32,0.986667,3.7127,0.5398,0.0018,loo,ok,
FreezerRegularTrain,2,4,64,0.988772,5.762,0.54,0.0043,loo,ok,
FreezerRegularTrain,2,4,128,0.988421,9.711,0.5419,0.0175,loo,ok,
FreezerRegularTrain,2,8,32,0.990526,5.4589,0.5402,0.007,loo,ok,
FreezerRegularTrain,2,8,64,0.990175,9.2156,0.5418,0.013,loo,ok,
FreezerRegularTrain,2,8,128,0.988772,15.4494,0.5451,0.0402,loo,ok,
FreezerRegularTrain,2,16,32,0.991228,8.5482,0.5419,0.0064,loo,ok,
FreezerRegularTrain,2,16,64,0.990526,14.6052,0.5448,0.0298,loo,ok,
FreezerRegularTrain,2,16,128,0.990175,27.457,0.5505,0.0718,loo,ok,
FreezerSmallTrain,0,4,32,0.902807,3.4961,0.021,0.0214,loo,ok,
FreezerSmallTrain,0,4,64,0.909474,5.4531,0.0427,0.0093,loo,ok,
FreezerSmallTrain,0,4,128,0.913684,9.2429,0.0201,0.0426,loo,ok,
FreezerSmallTrain,0,8,32,0.95193,5.2882,0.0201,0.0105,loo,ok,
FreezerSmallTrain,0,8,64,0.92,8.8453,0.0201,0.0137,loo,ok,
FreezerSmallTrain,0,8,128,0.920351,14.9327,0.0201,0.0454,loo,ok,
FreezerSmallTrain,0,16,32,0.921053,8.3225,0.0198,0.0121,loo,ok,
FreezerSmallTrain,0,16,64,0.926316,14.2603,0.0072,0.0561,loo,ok,
FreezerSmallTrain,0,16,128,0.92,26.6895,0.0146,0.1212,loo,ok,
FreezerSmallTrain,1,4,32,0.965614,3.6914,0.0201,0.0115,loo,ok,
FreezerSmallTrain,1,4,64,0.962105,5.5831,0.0188,0.0104,loo,ok,
FreezerSmallTrain,1,4,128,0.957895,9.4004,0.0193,0.0173,loo,ok,
FreezerSmallTrain,1,8,32,0.968772,5.3602,0.0201,0.0115,loo,ok,
FreezerSmallTrain,1,8,64,0.969123,8.6805,0.0067,0.0204,loo,ok,
FreezerSmallTrain,1,8,128,0.972632,14.8029,0.0068,0.0999,loo,ok,
FreezerSmallTrain,1,16,32,0.968772,8.27,0.0191,0.0105,loo,ok,
FreezerSmallTrain,1,16,64,0.968421,14.0503,0.0193,0.0679,loo,ok,
FreezerSmallTrain,1,16,128,0.967018,26.5218,0.0145,0.1084,loo,ok,
FreezerSmallTrain,2,4,32,0.978947,3.7065,0.0201,0.0027,loo,ok,
FreezerSmallTrain,2,4,64,0.980351,5.6216,0.019,0.0064,loo,ok,
FreezerSmallTrain,2,4,128,0.982105,9.3719,0.0201,0.0105,loo,ok,
FreezerSmallTrain,2,8,32,0.979649,5.2952,0.0191,0.0126,loo,ok,
FreezerSmallTrain,2,8,64,0.980702,8.759,0.0052,0.0287,loo,ok,
FreezerSmallTrain,2,8,128,0.984561,14.9413,0.0083,0.0326,loo,ok,
FreezerSmallTrain,2,16,32,0.984561,8.3159,0.0064,0.0279,loo,ok,
FreezerSmallTrain,2,16,64,0.983158,14.1373,0.0072,0.0828,loo,ok,
FreezerSmallTrain,2,16,128,0.984211,26.5665,0.0146,0.158,loo,ok,
GunPoint,0,4,32,1.0,0.1341,0.0331,0.0441,loo,ok,
GunPoint,0,4,64,1.0,0.302,0.0556,0.021,loo,ok,
GunPoint,0,4,128,1.0,0.4469,0.0221,0.0198,loo,ok,
GunPoint,0,8,32,1.0,0.3362,0.0364,0.0067,loo,ok,
GunPoint,0,8,64,1.0,0.4703,0.0418,0.0213,loo,ok,
GunPoint,0,8,128,1.0,0.6436,0.0492,0.016,loo,ok,
GunPoint,0,16,32,1.0,0.4132,0.0333,0.0477,loo,ok,
GunPoint,0,16,64,1.0,0.6145,0.0452,0.0149,loo,ok,
GunPoint,0,16,128,1.0,0.957,0.0179,0.0102,loo,ok,
GunPoint,1,4,32,0.993333,0.274,0.0213,0.0265,loo,ok,
GunPoint,1,4,64,0.993333,0.3214,0.0813,0.0476,loo,ok,
GunPoint,1,4,128,1.0,0.4255,0.0924,0.024,loo,ok,
GunPoint,1,8,32,0.993333,0.2987,0.104,0.0064,loo,ok,
GunPoint,1,8,64,1.0,0.4666,0.0463,0.0215,loo,ok,
GunPoint,1,8,128,1.0,0.6066,0.0084,0.0485,loo,ok,
GunPoint,1,16,32,0.993333,0.4673,0.0305,0.0042,loo,ok,
GunPoint,1,16,64,1.0,0.6529,0.0073,0.0083,loo,ok,
GunPoint,1,16,128,1.0,0.993,0.0184,0.0185,loo,ok,
GunPoint,2,4,32,1.0,0.3229,0.0417,0.0101,loo,ok,
GunPoint,2,4,64,1.0,0.3386,0.102,0.0078,loo,ok,
GunPoint,2,4,128,1.0,0.4359,0.0317,0.0091,loo,ok,
GunPoint,2,8,32,1.0,0.3567,0.0416,0.0206,loo,ok,
GunPoint,2,8,64,1.0,0.4712,0.022,0.0101,loo,ok,
GunPoint,2,8,128,1.0,0.6627,0.0325,0.0078,loo,ok,
GunPoint,2,16,32,1.0,0.4535,0.0323,0.011,loo,ok,
GunPoint,2,16,64,1.0,0.6487,0.0293,0.0204,loo,ok,
GunPoint,2,16,128,1.0,0.9535,0.0175,0.0281,loo,ok,
GunPointAgeSpan,0,4,32,1.0,0.3013,0.5399,0.0008,loo,ok,
GunPointAgeSpan,0,4,64,1.0,0.5462,0.5407,0.0005,loo,ok,
GunPointAgeSpan,0,4,128,1.0,0.7531,0.551,0.0008,loo,ok,
GunPointAgeSpan,0,8,32,1.0,0.5153,0.5395,0.0011,loo,ok,
GunPointAgeSpan,0,8,64,1.0,0.7244,0.5475,0.0017,loo,ok,
GunPointAgeSpan,0,8,128,1.0,1.1219,0.5518,0.0039,loo,ok,
GunPointAgeSpan,0,16,32,1.0,0.7032,0.5417,0.0017,loo,ok,
GunPointAgeSpan,0,16,64,1.0,1.1247,0.5443,0.0016,loo,ok,
GunPointAgeSpan,0,16,128,1.0,2.0723,0.552,0.0059,loo,ok,
GunPointAgeSpan,1,4,32,0.996835,0.4027,0.294,0.0007,loo,ok,
GunPointAgeSpan,1,4,64,1.0,0.5541,0.5449,0.0012,loo,ok,
GunPointAgeSpan,1,4,128,0.996835,0.739,0.5426,0.0018,loo,ok,
GunPointAgeSpan,1,8,32,0.996835,0.4953,0.5427,0.001,loo,ok,
GunPointAgeSpan,1,8,64,0.996835,0.7197,0.5437,0.0019,loo,ok,
GunPointAgeSpan,1,8,128,0.996835,1.1805,0.5443,0.0015,loo,ok,
GunPointAgeSpan,1,16,32,0.996835,0.7307,0.5425,0.0017,loo,ok,
GunPointAgeSpan,1,16,64,0.996835,1.1486,0.544,0.0031,loo,ok,
GunPointAgeSpan,1,16,128,0.996835,2.0425,0.5491,0.0053,loo,ok,
GunPointAgeSpan,2,4,32,0.984177,0.3783,0.5404,0.0007,loo,ok,
GunPointAgeSpan,2,4,64,0.987342,0.5101,0.5401,0.0005,loo,ok,
GunPointAgeSpan,2,4,128,0.990506,0.7356,0.3323,0.0017,loo,ok,
GunPointAgeSpan,2,8,32,0.990506,0.5182,0.5408,0.0011,loo,ok,
GunPointAgeSpan,2,8,64,0.990506,0.7141,0.5421,0.0008,loo,ok,
GunPointAgeSpan,2,8,128,0.990506,1.1684,0.5445,0.0029,loo,ok,
GunPointAgeSpan,2,16,32,0.990506,0.727,0.2843,0.0008,loo,ok,
GunPointAgeSpan,2,16,64,0.990506,1.2153,0.5444,0.0029,loo,ok,
GunPointAgeSpan,2,16,128,0.990506,2.0386,0.5489,0.0054,loo,ok,
GunPointMaleVersusFemale,0,4,32,1.0,0.2995,0.5399,0.0004,loo,ok,
GunPointMaleVersusFemale,0,4,64,1.0,0.51,0.3032,0.0018,loo,ok,
GunPointMaleVersusFemale,0,4,128,1.0,0.7416,0.5491,0.007,loo,ok,
GunPointMaleVersusFemale,0,8,32,1.0,0.5001,0.5463,0.001,loo,ok,
GunPointMaleVersusFemale,0,8,64,1.0,0.7386,0.5414,0.0016,loo,ok,
GunPointMaleVersusFemale,0,8,128,1.0,1.1624,0.5444,0.0013,loo,ok,
GunPointMaleVersusFemale,0,16,32,1.0,0.7288,0.5423,0.0017,loo,ok,
GunPointMaleVersusFemale,0,16,64,1.0,1.1321,0.5443,0.0029,loo,ok,
GunPointMaleVersusFemale,0,16,128,1.0,2.0564,0.5504,0.0053,loo,ok,
GunPointMaleVersusFemale,1,4,32,1.0,0.3784,0.3649,0.0004,loo,ok,
GunPointMaleVersusFemale,1,4,64,1.0,0.5506,0.5408,0.0011,loo,ok,
GunPointMaleVersusFemale,1,4,128,1.0,0.7446,0.5455,0.002,loo,ok,
GunPointMaleVersusFemale,1,8,32,1.0,0.5016,0.5407,0.0005,loo,ok,
GunPointMaleVersusFemale,1,8,64,1.0,0.7105,0.5414,0.0018,loo,ok,
GunPointMaleVersusFemale,1,8,128,1.0,1.1459,0.2884,0.0161,loo,ok,
GunPointMaleVersusFemale,1,16,32,1.0,0.8025,0.5422,0.002,loo,ok,
GunPointMaleVersusFemale,1,16,64,1.0,1.1477,0.5442,0.0016,loo,ok,
GunPointMaleVersusFemale,1,16,128,1.0,2.0792,0.5502,0.0056,loo,ok,
GunPointMaleVersusFemale,2,4,32,1.0,0.3837,0.5398,0.0004,loo,ok,
GunPointMaleVersusFemale,2,4,64,0.996835,0.5128,0.2952,0.0011,loo,ok,
GunPointMaleVersusFemale,2,4,128,0.996835,0.7456,0.5429,0.0017,loo,ok,
GunPointMaleVersusFemale,2,8,32,1.0,0.5092,0.5411,0.0011,loo,ok,
GunPointMaleVersusFemale,2,8,64,1.0,0.7194,0.5462,0.0017,loo,ok,
GunPointMaleVersusFemale,2,8,128,1.0,1.1648,0.5439,0.0048,loo,ok,
GunPointMaleVersusFemale,2,16,32,1.0,0.7317,0.3528,0.0018,loo,ok,
GunPointMaleVersusFemale,2,16,64,1.0,1.1887,0.5518,0.0014,loo,ok,
GunPointMaleVersusFemale,2,16,128,1.0,2.099,0.5523,0.0037,loo,ok,
GunPointOldVersusYoung,0,4,32,1.0,0.2999,0.5397,0.0042,loo,ok,
GunPointOldVersusYoung,0,4,64,1.0,0.5209,0.5702,0.0005,loo,ok,
GunPointOldVersusYoung,0,4,128,1.0,0.7782,0.3866,0.0017,loo,ok,
GunPointOldVersusYoung,0,8,32,1.0,0.5093,0.5452,0.0005,loo,ok,
GunPointOldVersusYoung,0,8,64,1.0,0.7414,0.5458,0.0008,loo,ok,
GunPointOldVersusYoung,0,8,128,1.0,1.1919,0.5481,0.003,loo,ok,
GunPointOldVersusYoung,0,16,32,1.0,0.7356,0.5424,0.001,loo,ok,
GunPointOldVersusYoung,0,16,64,1.0,1.1531,0.5443,0.003,loo,ok,
GunPointOldVersusYoung,0,16,128,1.0,2.0928,0.5489,0.0053,loo,ok,
GunPointOldVersusYoung,1,4,32,1.0,0.3732,0.5407,0.0003,loo,ok,
GunPointOldVersusYoung,1,4,64,1.0,0.5374,0.5394,0.0011,loo,ok,
GunPointOldVersusYoung,1,4,128,1.0,0.745,0.5424,0.0008,loo,ok,
GunPointOldVersusYoung,1,8,32,1.0,0.5143,0.5444,0.0011,loo,ok,
GunPointOldVersusYoung,1,8,64,1.0,0.7723,0.5416,0.0008,loo,ok,
GunPointOldVersusYoung,1,8,128,1.0,1.1612,0.5441,0.0034,loo,ok,
GunPointOldVersusYoung,1,16,32,1.0,0.7442,0.5418,0.0017,loo,ok,
GunPointOldVersusYoung,1,16,64,1.0,1.1713,0.5445,0.003,loo,ok,
GunPointOldVersusYoung,1,16,128,1.0,2.1191,0.5493,0.0025,loo,ok,
GunPointOldVersusYoung,2,4,32,1.0,0.3704,0.541,0.0003,loo,ok,
GunPointOldVersusYoung,2,4,64,1.0,0.5106,0.5592,0.0041,loo,ok,
GunPointOldVersusYoung,2,4,128,1.0,0.7621,0.5431,0.0017,loo,ok,
GunPointOldVersusYoung,2,8,32,1.0,0.501,0.3043,0.0011,loo,ok,
GunPointOldVersusYoung,2,8,64,1.0,0.7464,0.3764,0.0017,loo,ok,
GunPointOldVersusYoung,2,8,128,1.0,1.2058,0.5448,0.0014,loo,ok,
GunPointOldVersusYoung,2,16,32,1.0,0.7359,0.5426,0.0017,loo,ok,
GunPointOldVersusYoung,2,16,64,1.0,1.1853,0.5494,0.003,loo,ok,
GunPointOldVersusYoung,2,16,128,1.0,2.1199,0.5531,0.0054,loo,ok,
Ham,0,4,32,0.72381,0.2854,0.5406,0.0006,loo,ok,
Ham,0,4,64,0.72381,0.5553,0.5399,0.0007,loo,ok,
Ham,0,4,128,0.72381,0.8793,0.5481,0.0005,loo,ok,
Ham,0,8,32,0.704762,0.5142,0.5559,0.0007,loo,ok,
Ham,0,8,64,0.733333,0.8642,0.5436,0.0011,loo,ok,
Ham,0,8,128,0.742857,1.6437,0.5609,0.0083,loo,ok,
Ham,0,16,32,0.72381,0.8624,0.5458,0.0009,loo,ok,
Ham,0,16,64,0.695238,1.5855,0.5533,0.0009,loo,ok,
Ham,0,16,128,0.685714,2.874,0.5536,0.0032,loo,ok,
Ham,1,4,32,0.866667,0.3898,0.5452,0.0005,loo,ok,
Ham,1,4,64,0.866667,0.533,0.5532,0.0007,loo,ok,
Ham,1,4,128,0.87619,0.8867,0.5411,0.0011,loo,ok,
Ham,1,8,32,0.857143,0.5385,0.5542,0.0006,loo,ok,
Ham,1,8,64,0.847619,0.8436,0.5599,0.0063,loo,ok,
Ham,1,8,128,0.857143,1.634,0.5462,0.0011,loo,ok,
Ham,1,16,32,0.885714,0.8659,0.5542,0.0011,loo,ok,
Ham,1,16,64,0.885714,1.5839,0.5575,0.0016,loo,ok,
Ham,1,16,128,0.87619,2.8711,0.5567,0.0012,loo,ok,
Ham,2,4,32,0.761905,0.3823,0.3375,0.0005,loo,ok,
Ham,2,4,64,0.790476,0.5347,0.5405,0.0006,loo,ok,
Ham,2,4,128,0.790476,0.8746,0.2981,0.001,loo,ok,
Ham,2,8,32,0.8,0.5261,0.5497,0.0006,loo,ok,
Ham,2,8,64,0.771429,0.8587,0.5413,0.0039,loo,ok,
Ham,2,8,128,0.780952,1.6292,0.5427,0.0007,loo,ok,
Ham,2,16,32,0.790476,0.8421,0.541,0.0004,loo,ok,
Ham,2,16,64,0.780952,1.5219,0.544,0.0014,loo,ok,
Ham,2,16,128,0.8,2.7314,0.5476,0.0025,loo,ok,
HandOutlines,0,4,32,0.932432,11.2983,0.7035,0.0038,loo,ok,
HandOutlines,0,4,64,0.935135,19.7822,0.6642,0.0018,loo,ok,
HandOutlines,0,4,128,0.943243,36.647,0.7514,0.0044,loo,ok,
HandOutlines,0,8,32,0.935135,18.7937,0.6791,0.002,loo,ok,
HandOutlines,0,8,64,0.943243,34.6579,0.7335,0.0031,loo,ok,
HandOutlines,0,8,128,0.937838,68.293,0.7961,0.0212,loo,ok,
HandOutlines,0,16,32,0.937838,32.8952,0.7241,0.0033,loo,ok,
HandOutlines,0,16,64,0.943243,60.7612,0.8829,0.0045,loo,ok,
HandOutlines,0,16,128,0.945946,122.7583,1.1454,0.0715,loo,ok,
HandOutlines,1,4,32,0.954054,11.8225,0.6682,0.0007,loo,ok,
HandOutlines,1,4,64,0.964865,20.7636,0.6781,0.0018,loo,ok,
HandOutlines,1,4,128,0.97027,37.9431,0.7273,0.0034,loo,ok,
HandOutlines,1,8,32,0.964865,18.8852,0.699,0.0019,loo,ok,
HandOutlines,1,8,64,0.962162,34.9404,0.5726,0.0171,loo,ok,
HandOutlines,1,8,128,0.964865,64.231,0.8181,0.0032,loo,ok,
HandOutlines,1,16,32,0.97027,32.4341,0.7261,0.0019,loo,ok,
HandOutlines,1,16,64,0.972973,59.9731,0.8192,0.0053,loo,ok,
HandOutlines,1,16,128,0.97027,121.4068,1.2384,0.0272,loo,ok,
HandOutlines,2,4,32,0.948649,11.8248,0.4485,0.0057,loo,ok,
HandOutlines,2,4,64,0.945946,20.6738,0.6812,0.0009,loo,ok,
HandOutlines,2,4,128,0.956757,37.8352,0.718,0.0031,loo,ok,
HandOutlines,2,8,32,0.956757,18.8338,0.6863,0.002,loo,ok,
HandOutlines,2,8,64,0.959459,34.6632,0.6838,0.0095,loo,ok,
HandOutlines,2,8,128,0.959459,63.9221,0.8032,0.0028,loo,ok,
HandOutlines,2,16,32,0.959459,32.6378,0.7227,0.0038,loo,ok,
HandOutlines,2,16,64,0.962162,59.8273,0.8385,0.0028,loo,ok,
HandOutlines,2,16,128,0.97027,120.6633,1.6359,0.0161,loo,ok,
Haptics,0,4,32,0.516234,1.6126,0.4645,0.0301,loo,ok,
Haptics,0,4,64,0.525974,2.7716,0.5568,0.0025,loo,ok,
Haptics,0,4,128,0.512987,5.0962,0.5321,0.0116,loo,ok,
Haptics,0,8,32,0.522727,2.8944,0.4809,0.0129,loo,ok,
Haptics,0,8,64,0.50974,4.6278,0.4957,0.035,loo,ok,
Haptics,0,8,128,0.503247,8.4544,0.5291,0.0191,loo,ok,
Haptics,0,16,32,0.512987,4.4008,0.5357,0.0091,loo,ok,
Haptics,0,16,64,0.5,7.9383,0.5319,0.0161,loo,ok,
Haptics,0,16,128,0.522727,15.443,0.5546,0.0095,loo,ok,
Haptics,1,4,32,0.561688,1.6972,0.4846,0.0289,loo,ok,
Haptics,1,4,64,0.529221,2.7624,0.5338,0.0074,loo,ok,
Haptics,1,4,128,0.522727,5.0506,0.543,0.0039,loo,ok,
Haptics,1,8,32,0.535714,2.6225,0.5203,0.0212,loo,ok,
Haptics,1,8,64,0.535714,4.696,0.5399,0.0036,loo,ok,
Haptics,1,8,128,0.519481,8.519,0.5134,0.0234,loo,ok,
Haptics,1,16,32,0.545455,4.3867,0.0223,0.0252,loo,ok,
Haptics,1,16,64,0.529221,8.07,0.5326,0.0157,loo,ok,
Haptics,1,16,128,0.512987,15.7439,0.5014,0.021,loo,ok,
Haptics,2,4,32,0.487013,1.7143,0.5259,0.0128,loo,ok,
Haptics,2,4,64,0.483766,2.7477,0.5198,0.021,loo,ok,
Haptics,2,4,128,0.483766,5.0575,0.5096,0.0331,loo,ok,
Haptics,2,8,32,0.493506,2.6171,0.5278,0.0129,loo,ok,
Haptics,2,8,64,0.493506,4.695,0.4683,0.0218,loo,ok,
Haptics,2,8,128,0.483766,8.4906,0.4873,0.0516,loo,ok,
Haptics,2,16,32,0.49026,4.3771,0.0562,0.0204,loo,ok,
Haptics,2,16,64,0.467532,8.0343,0.5393,0.0089,loo,ok,
Haptics,2,16,128,0.487013,15.5036,0.4882,0.0482,loo,ok,
Herring,0,4,32,0.671875,0.2143,0.0327,0.0187,loo,ok,
Herring,0,4,64,0.6875,0.513,0.0106,0.0202,loo,ok,
Herring,0,4,128,0.703125,0.6904,0.0986,0.0116,loo,ok,
Herring,0,8,32,0.734375,0.4792,0.043,0.0289,loo,ok,
Herring,0,8,64,0.765625,0.6609,0.0886,0.0064,loo,ok,
Herring,0,8,128,0.71875,1.2249,0.0192,0.0195,loo,ok,
Herring,0,16,32,0.71875,0.6676,0.0527,0.0108,loo,ok,
Herring,0,16,64,0.703125,1.2369,0.0179,0.04,loo,ok,
Herring,0,16,128,0.75,2.1727,0.0259,0.0762,loo,ok,
Herring,1,4,32,0.53125,0.3771,0.0599,0.0045,loo,ok,
Herring,1,4,64,0.546875,0.537,0.0332,0.0108,loo,ok,
Herring,1,4,128,0.578125,0.7209,0.0449,0.0304,loo,ok,
Herring,1,8,32,0.546875,0.4932,0.0619,0.0475,loo,ok,
Herring,1,8,64,0.59375,0.6404,0.0748,0.0644,loo,ok,
Herring,1,8,128,0.578125,1.1814,0.0193,0.0211,loo,ok,
Herring,1,16,32,0.53125,0.687,0.0455,0.0194,loo,ok,
Herring,1,16,64,0.578125,1.1997,0.016,0.0068,loo,ok,
Herring,1,16,128,0.578125,2.2299,0.0373,0.0203,loo,ok,
Herring,2,4,32,0.6875,0.4003,0.0627,0.0201,loo,ok,
Herring,2,4,64,0.65625,0.5161,0.0324,0.0096,loo,ok,
Herring,2,4,128,0.6875,0.7021,0.0228,0.024,loo,ok,
Herring,2,8,32,0.65625,0.5095,0.0591,0.0278,loo,ok,
Herring,2,8,64,0.703125,0.6581,0.0519,0.105,loo,ok,
Herring,2,8,128,0.6875,1.1751,0.0174,0.0277,loo,ok,
Herring,2,16,32,0.671875,0.6554,0.0422,0.0067,loo,ok,
Herring,2,16,64,0.65625,1.2064,0.0177,0.0102,loo,ok,
Herring,2,16,128,0.6875,2.2298,0.0472,0.039,loo,ok,
HouseTwenty,0,4,32,0.941176,0.8816,0.0144,0.0008,loo,ok,
HouseTwenty,0,4,64,0.941176,1.6594,0.0214,0.0204,loo,ok,
HouseTwenty,0,4,128,0.94958,3.3167,0.0226,0.0212,loo,ok,
HouseTwenty,0,8,32,0.94958,1.6431,0.0182,0.0598,loo,ok,
HouseTwenty,0,8,64,0.94958,2.8505,0.0211,0.0077,loo,ok,
HouseTwenty,0,8,128,0.957983,5.6427,0.0239,0.0108,loo,ok,
HouseTwenty,0,16,32,0.966387,2.7138,0.0222,0.0203,loo,ok,
HouseTwenty,0,16,64,0.957983,5.2581,0.1339,0.0212,loo,ok,
HouseTwenty,0,16,128,0.957983,10.1297,0.0191,0.0146,loo,ok,
HouseTwenty,1,4,32,0.966387,1.1056,0.0177,0.008,loo,ok,
HouseTwenty,1,4,64,0.966387,1.7177,0.0219,0.0203,loo,ok,
HouseTwenty,1,4,128,0.966387,3.2062,0.0224,0.0177,loo,ok,
HouseTwenty,1,8,32,0.966387,1.6161,0.017,0.0097,loo,ok,
HouseTwenty,1,8,64,0.97479,2.8716,0.0223,0.0105,loo,ok,
HouseTwenty,1,8,128,0.966387,5.6377,0.0239,0.0204,loo,ok,
HouseTwenty,1,16,32,0.966387,2.7176,0.0227,0.0297,loo,ok,
HouseTwenty,1,16,64,0.97479,5.1218,0.0238,0.0206,loo,ok,
HouseTwenty,1,16,128,0.966387,10.1075,0.0264,0.0201,loo,ok,
HouseTwenty,2,4,32,0.94958,1.1066,0.0156,0.0172,loo,ok,
HouseTwenty,2,4,64,0.94958,1.6985,0.0219,0.0205,loo,ok,
HouseTwenty,2,4,128,0.966387,3.5097,0.0231,0.0418,loo,ok,
HouseTwenty,2,8,32,0.97479,1.9159,0.0175,0.0053,loo,ok,
HouseTwenty,2,8,64,0.97479,3.195,0.0224,0.0187,loo,ok,
HouseTwenty,2,8,128,0.966387,5.8019,0.0243,0.011,loo,ok,
HouseTwenty,2,16,32,0.97479,2.7617,0.0224,0.0103,loo,ok,
HouseTwenty,2,16,64,0.966387,5.4422,0.0237,0.0107,loo,ok,
HouseTwenty,2,16,128,0.97479,10.6228,0.0199,0.0249,loo,ok,
InlineSkate,0,4,32,0.465455,3.8623,0.4677,0.028,loo,ok,
InlineSkate,0,4,64,0.472727,7.4481,0.421,0.0402,loo,ok,
InlineSkate,0,4,128,0.474545,13.1817,0.4943,0.0478,loo,ok,
InlineSkate,0,8,32,0.494545,6.3934,0.4495,0.0324,loo,ok,
InlineSkate,0,8,64,0.507273,11.5505,0.4343,0.0403,loo,ok,
InlineSkate,0,8,128,0.496364,21.298,0.4474,0.0336,loo,ok,
InlineSkate,0,16,32,0.501818,10.8178,0.5288,0.02,loo,ok,
InlineSkate,0,16,64,0.505455,20.5399,0.4731,0.0718,loo,ok,
InlineSkate,0,16,128,0.501818,40.2025,0.4819,0.0596,loo,ok,
InlineSkate,1,4,32,0.489091,4.0702,0.4917,0.0207,loo,ok,
InlineSkate,1,4,64,0.505455,7.1195,0.4614,0.0293,loo,ok,
InlineSkate,1,4,128,0.501818,12.4007,0.5024,0.0343,loo,ok,
InlineSkate,1,8,32,0.48,6.3074,0.4583,0.0209,loo,ok,
InlineSkate,1,8,64,0.509091,11.3074,0.4336,0.0188,loo,ok,
InlineSkate,1,8,128,0.523636,20.7631,0.4776,0.0247,loo,ok,
InlineSkate,1,16,32,0.518182,10.5768,0.5039,0.0283,loo,ok,
InlineSkate,1,16,64,0.498182,19.6554,0.4293,0.0165,loo,ok,
InlineSkate,1,16,128,0.501818,39.2221,0.4632,0.0855,loo,ok,
InlineSkate,2,4,32,0.501818,4.0839,0.4833,0.0299,loo,ok,
InlineSkate,2,4,64,0.505455,6.9856,0.4633,0.0256,loo,ok,
InlineSkate,2,4,128,0.505455,12.4213,0.4806,0.0339,loo,ok,
InlineSkate,2,8,32,0.5,6.377,0.4503,0.0204,loo,ok,
InlineSkate,2,8,64,0.521818,11.3482,0.4545,0.0312,loo,ok,
InlineSkate,2,8,128,0.530909,21.1253,0.5094,0.0353,loo,ok,
InlineSkate,2,16,32,0.516364,10.6801,0.4872,0.0212,loo,ok,
InlineSkate,2,16,64,0.527273,19.7482,0.4805,0.0629,loo,ok,
InlineSkate,2,16,128,0.518182,39.0049,0.4433,0.0748,loo,ok,
InsectEPGRegularTrain,0,4,32,1.0,0.52,0.0113,0.0008,loo,ok,
InsectEPGRegularTrain,0,4,64,1.0,1.1271,0.0223,0.0199,loo,ok,
InsectEPGRegularTrain,0,4,128,1.0,1.9622,0.0185,0.0231,loo,ok,
InsectEPGRegularTrain,0,8,32,1.0,1.1202,0.021,0.0179,loo,ok,
InsectEPGRegularTrain,0,8,64,1.0,1.8365,0.0233,0.0203,loo,ok,
InsectEPGRegularTrain,0,8,128,1.0,3.1251,0.0237,0.0105,loo,ok,
InsectEPGRegularTrain,0,16,32,1.0,1.7067,0.0476,0.0174,loo,ok,
InsectEPGRegularTrain,0,16,64,1.0,2.8927,0.0413,0.0144,loo,ok,
InsectEPGRegularTrain,0,16,128,1.0,5.595,0.0295,0.0208,loo,ok,
InsectEPGRegularTrain,1,4,32,1.0,0.7233,0.0626,0.0144,loo,ok,
InsectEPGRegularTrain,1,4,64,1.0,1.1226,0.0165,0.0046,loo,ok,
InsectEPGRegularTrain,1,4,128,1.0,1.9491,0.0335,0.0206,loo,ok,
InsectEPGRegularTrain,1,8,32,1.0,1.1396,0.0222,0.0104,loo,ok,
InsectEPGRegularTrain,1,8,64,1.0,1.9005,0.0193,0.0018,loo,ok,
InsectEPGRegularTrain,1,8,128,1.0,3.2333,0.0172,0.0022,loo,ok,
InsectEPGRegularTrain,1,16,32,1.0,1.7495,0.0265,0.0202,loo,ok,
InsectEPGRegularTrain,1,16,64,1.0,2.9474,0.0811,0.0144,loo,ok,
InsectEPGRegularTrain,1,16,128,1.0,5.5999,0.037,0.0399,loo,ok,
InsectEPGRegularTrain,2,4,32,1.0,0.7168,0.014,0.0008,loo,ok,
InsectEPGRegularTrain,2,4,64,1.0,1.1477,0.016,0.017,loo,ok,
InsectEPGRegularTrain,2,4,128,1.0,1.9171,0.0187,0.0048,loo,ok,
InsectEPGRegularTrain,2,8,32,1.0,1.0922,0.0276,0.0168,loo,ok,
InsectEPGRegularTrain,2,8,64,1.0,1.7888,0.0244,0.0103,loo,ok,
InsectEPGRegularTrain,2,8,128,1.0,3.1445,0.0255,0.0225,loo,ok,
InsectEPGRegularTrain,2,16,32,1.0,1.7054,0.0389,0.007,loo,ok,
InsectEPGRegularTrain,2,16,64,1.0,2.9307,0.0195,0.0091,loo,ok,
InsectEPGRegularTrain,2,16,128,1.0,5.6685,0.0296,0.02,loo,ok,
